phase,split,checkpoint_type,epoch,sample_index,user_id,target_timestamp,history_apps,history_ids,length,target_app,target_id,predicted_app,predicted_target_id,predicted_probability,hit_rank,top_k_apps,top_k_target_ids,top_k_probabilities,top_k_logits,logits,probabilities
final_eval,val,last,,0,device-00000012,2026-05-06 13:15:26,微信,[5],1,小红书,10,WPS,0,0.08571474,13,"[""WPS"",""华为浏览器"",""华为音乐""]","[0,1,4]","[0.08571474,0.08265866,0.06150256]","[0.44846028,0.41215512,0.11651426]","[0.44846028,0.41215512,0.09868817,0.03281443,0.11651426,-0.02869501,0.0948637,0.06621234,-0.1815924,0.01174656,-0.2216123,-0.16876906,-0.24092408,-0.27406815,-0.33071974,-0.17459321,-0.26061139,-0.32061225,-0.35657457]","[0.08571474,0.08265866,0.06041592,0.05656435,0.06150256,0.05318995,0.06018531,0.05848538,0.04564856,0.05538512,0.04385778,0.0462377,0.04301893,0.04161648,0.03932438,0.04596918,0.04218029,0.03972387,0.03832069]"
final_eval,val,last,,1,device-00000012,2026-05-06 13:26:49,微信|小红书,"[5,14]",2,华为浏览器,1,WPS,0,0.08694616,2,"[""WPS"",""华为浏览器"",""哔哩哔哩""]","[0,1,7]","[0.08694616,0.07069372,0.06337637]","[0.44756919,0.24063686,0.13137114]","[0.44756919,0.24063686,0.04361452,0.0473239,0.01738831,0.01641864,0.08009199,0.13137114,-0.08598289,0.04391298,-0.20066692,-0.24380851,-0.2164112,-0.22885165,-0.44811174,-0.24597356,-0.21564446,-0.32478201,-0.36844352]","[0.08694616,0.07069372,0.05805172,0.05826746,0.05654904,0.05649423,0.0602084,0.06337637,0.05099548,0.05806905,0.04547001,0.04355007,0.04475972,0.04420634,0.03550268,0.04345589,0.04479405,0.04016267,0.03844683]"
final_eval,val,last,,2,device-00000036,2026-05-05 22:03:31,日历,[9],1,哔哩哔哩,7,WPS,0,0.07412585,7,"[""WPS"",""华为浏览器"",""备忘录""]","[0,1,2]","[0.07412585,0.06351998,0.06089396]","[0.32611173,0.17170203,0.12948132]","[0.32611173,0.17170203,0.12948132,0.06158218,0.10042461,0.080267,-0.08201488,0.05944824,-0.05858853,-0.03075279,0.00162934,-0.15092644,-0.13801399,-0.17740896,-0.27205986,-0.07478531,-0.09643602,-0.18216586,-0.18440321]","[0.07412585,0.06351998,0.06089396,0.05689655,0.05915004,0.05796965,0.04928588,0.05677527,0.0504541,0.05187826,0.05358569,0.0460039,0.04660177,0.04480159,0.04075558,0.04964349,0.04858023,0.04458898,0.04448933]"
final_eval,val,last,,3,device-00000036,2026-05-06 22:59:20,亿图图示,[20],1,华为音乐,4,哔哩哔哩,7,0.06250341,9,"[""哔哩哔哩"",""华为邮箱"",""华为浏览器""]","[7,9,1]","[0.06250341,0.05909781,0.0588032]","[0.10746506,0.05143776,0.04644013]","[-0.01682573,0.04644013,-0.04490886,-0.01128726,-0.03303406,-0.01932049,-0.00159733,0.10746506,-0.08825096,0.05143776,-0.06670248,-0.19553319,-0.23325826,-0.15923165,-0.24509123,-0.08892836,-0.01554461,-0.18456033,-0.11227413]","[0.0551982,0.0588032,0.05366963,0.05550476,0.05431074,0.05506067,0.05604521,0.06250341,0.05139316,0.05909781,0.05251263,0.04616505,0.04445591,0.0478717,0.04393296,0.05135836,0.05526896,0.0466744,0.05017325]"
final_eval,val,last,,4,device-00000036,2026-05-06 23:47:10,华为音乐,[6],1,钉钉,13,WPS,0,0.06760579,14,"[""WPS"",""华为视频"",""哔哩哔哩""]","[0,5,7]","[0.06760579,0.06420808,0.05801192]","[0.238914,0.18734938,0.08586904]","[0.238914,0.05297065,0.02051903,0.00647135,0.0255587,0.18734938,0.01990644,0.08586904,-0.09646695,0.0306989,0.03073226,-0.14133199,-0.07435831,-0.10631856,-0.17755884,-0.13306344,0.05319493,-0.14382206,-0.23478298]","[0.06760579,0.05613448,0.05434207,0.05358402,0.05461662,0.06420808,0.05430879,0.05801192,0.04834257,0.05489808,0.05489992,0.04622162,0.04942327,0.04786866,0.04457712,0.04660539,0.05614707,0.04610667,0.04209785]"
final_eval,val,last,,5,device-00000036,2026-05-06 23:47:29,华为音乐|钉钉,"[6,15]",2,备忘录,2,WPS,0,0.0685249,6,"[""WPS"",""哔哩哔哩"",""华为视频""]","[0,7,5]","[0.0685249,0.06169273,0.06125312]","[0.23932846,0.13429733,0.12714607]","[0.23932846,0.02705923,0.06046601,0.116751,0.11486421,0.12714607,-0.07850251,0.13429733,-0.04506483,-0.05472264,-0.08020285,-0.19845593,-0.01151939,-0.21299484,-0.20190805,-0.05929485,-0.04472866,-0.17722502,-0.30939466]","[0.0685249,0.0554193,0.05730195,0.06061968,0.06050542,0.06125312,0.04986733,0.06169273,0.05156298,0.05106739,0.04978261,0.04423042,0.05332202,0.04359201,0.04407799,0.05083443,0.05158031,0.04517951,0.03958594]"
final_eval,val,last,,6,device-00000036,2026-05-07 09:43:25,微信,[5],1,WPS,0,WPS,0,0.08571474,1,"[""WPS"",""华为浏览器"",""华为音乐""]","[0,1,4]","[0.08571474,0.08265866,0.06150256]","[0.44846028,0.41215512,0.11651426]","[0.44846028,0.41215512,0.09868817,0.03281443,0.11651426,-0.02869501,0.0948637,0.06621234,-0.1815924,0.01174656,-0.2216123,-0.16876906,-0.24092408,-0.27406815,-0.33071974,-0.17459321,-0.26061139,-0.32061225,-0.35657457]","[0.08571474,0.08265866,0.06041592,0.05656435,0.06150256,0.05318995,0.06018531,0.05848538,0.04564856,0.05538512,0.04385778,0.0462377,0.04301893,0.04161648,0.03932438,0.04596918,0.04218029,0.03972387,0.03832069]"
final_eval,val,last,,7,device-00000036,2026-05-08 18:45:06,华为浏览器,[3],1,小红书,10,WPS,0,0.0809985,15,"[""WPS"",""微信"",""华为浏览器""]","[0,3,1]","[0.0809985,0.06947647,0.06564708]","[0.40398413,0.25054166,0.19384673]","[0.40398413,0.19384673,0.02805375,0.25054166,-0.01133633,-0.07104757,0.04564459,0.11761377,-0.06556895,-0.02245101,-0.20272967,-0.12861072,-0.27762192,-0.2018494,-0.26994151,-0.07231759,-0.12073218,-0.21187642,-0.22190216]","[0.0809985,0.06564708,0.05561763,0.06947647,0.05346943,0.05037016,0.05660464,0.06082861,0.05064688,0.05287843,0.04415547,0.04755256,0.04096936,0.04419435,0.04128524,0.05030623,0.04792869,0.04375343,0.04331696]"
final_eval,val,last,,8,device-00000042,2026-05-02 16:59:36,华为音乐,[6],1,华为浏览器,1,WPS,0,0.06760579,5,"[""WPS"",""华为视频"",""哔哩哔哩""]","[0,5,7]","[0.06760579,0.06420808,0.05801192]","[0.238914,0.18734938,0.08586904]","[0.238914,0.05297065,0.02051903,0.00647135,0.0255587,0.18734938,0.01990644,0.08586904,-0.09646695,0.0306989,0.03073226,-0.14133199,-0.07435831,-0.10631856,-0.17755884,-0.13306344,0.05319493,-0.14382206,-0.23478298]","[0.06760579,0.05613448,0.05434207,0.05358402,0.05461662,0.06420808,0.05430879,0.05801192,0.04834257,0.05489808,0.05489992,0.04622162,0.04942327,0.04786866,0.04457712,0.04660539,0.05614707,0.04610667,0.04209785]"
final_eval,val,last,,9,device-00000042,2026-05-03 15:56:19,小红书,[14],1,微信,3,哔哩哔哩,7,0.06432129,8,"[""哔哩哔哩"",""WPS"",""华为邮箱""]","[7,0,9]","[0.06432129,0.06377723,0.06236688]","[0.17651232,0.16801785,0.1456559]","[0.16801785,-0.18998936,-0.0703953,0.0208609,-0.05961819,0.07685486,0.04695208,0.17651232,0.032841,0.1456559,-0.0061837,-0.1425973,-0.13067964,-0.02368091,-0.29834348,-0.03693882,0.0637308,-0.14015351,-0.25349635]","[0.06377723,0.04458462,0.05024862,0.05504986,0.05079309,0.05822026,0.05650508,0.06432129,0.05571333,0.06236688,0.05358101,0.04674846,0.04730892,0.05265165,0.04000622,0.0519582,0.05746116,0.04686283,0.04184122]"
final_eval,val,last,,10,device-00000054,2026-05-06 09:27:40,华为视频,[7],1,微信,3,WPS,0,0.06934109,6,"[""WPS"",""华为视频"",""哔哩哔哩""]","[0,5,7]","[0.06934109,0.06846151,0.06066411]","[0.29817939,0.28541347,0.1644941]","[0.29817939,0.04557058,-0.02868778,0.14289367,0.14310259,0.28541347,0.16163646,0.1644941,0.09409276,0.10849963,-0.07100647,-0.28519806,-0.10359421,-0.2001144,-0.1188909,-0.02399483,-0.03915326,-0.16259456,-0.2468778]","[0.06934109,0.05386219,0.05000737,0.05936779,0.0593802,0.06846151,0.060491,0.06066411,0.05654015,0.05736061,0.04793528,0.03869306,0.04639836,0.04212932,0.04569401,0.05024261,0.04948675,0.04374003,0.04020456]"
final_eval,val,last,,11,device-00000054,2026-05-06 09:30:19,华为视频|微信,"[7,5]",2,华为浏览器,1,WPS,0,0.08640913,2,"[""WPS"",""华为浏览器"",""华为视频""]","[0,1,5]","[0.08640913,0.0745315,0.06981571]","[0.49965727,0.35178578,0.28642297]","[0.49965727,0.35178578,0.09553003,0.14208129,0.2683309,0.28642297,0.19807921,0.11581475,-0.07647881,0.00512885,-0.21014456,-0.32230967,-0.24028227,-0.32631621,-0.30901814,-0.1498042,-0.22372606,-0.29698884,-0.4187865]","[0.08640913,0.0745315,0.0576832,0.06043191,0.06856395,0.06981571,0.06391253,0.05886525,0.04856763,0.05269734,0.04249097,0.03798253,0.04122949,0.03783066,0.03849075,0.04513382,0.04191778,0.03895656,0.03448932]"
final_eval,val,last,,12,device-00000054,2026-05-07 16:17:51,抖音,[8],1,剪映,12,华为视频,5,0.06638682,13,"[""华为视频"",""哔哩哔哩"",""WPS""]","[5,7,0]","[0.06638682,0.0638495,0.0610066]","[0.2217771,0.18280734,0.13726062]","[0.13726062,0.0314508,-0.20174867,-0.12062489,-0.00855645,0.2217771,0.0794245,0.18280734,0.10505957,0.11407757,0.01702792,-0.17092037,-0.10159802,0.03488373,-0.00179338,-0.1527957,-0.09104487,-0.27517071,-0.17666665]","[0.0610066,0.05488128,0.04346573,0.04713881,0.05272897,0.06638682,0.05757831,0.0638495,0.05907341,0.05960855,0.05409541,0.04482657,0.04804429,0.05507,0.05308679,0.04564645,0.048554,0.04038873,0.04456972]"
final_eval,val,last,,13,device-00000054,2026-05-14 16:19:48,小红书,[14],1,华为音乐,4,哔哩哔哩,7,0.06432129,12,"[""哔哩哔哩"",""WPS"",""华为邮箱""]","[7,0,9]","[0.06432129,0.06377723,0.06236688]","[0.17651232,0.16801785,0.1456559]","[0.16801785,-0.18998936,-0.0703953,0.0208609,-0.05961819,0.07685486,0.04695208,0.17651232,0.032841,0.1456559,-0.0061837,-0.1425973,-0.13067964,-0.02368091,-0.29834348,-0.03693882,0.0637308,-0.14015351,-0.25349635]","[0.06377723,0.04458462,0.05024862,0.05504986,0.05079309,0.05822026,0.05650508,0.06432129,0.05571333,0.06236688,0.05358101,0.04674846,0.04730892,0.05265165,0.04000622,0.0519582,0.05746116,0.04686283,0.04184122]"
final_eval,val,last,,14,device-00000068,2026-05-02 22:13:18,剪映,[12],1,抖音,6,哔哩哔哩,7,0.07159819,3,"[""哔哩哔哩"",""WPS"",""抖音""]","[7,0,6]","[0.07159819,0.06708288,0.05989622]","[0.27229783,0.20715699,0.09384151]","[0.20715699,-0.08862891,0.06548807,0.04052987,-0.09314721,0.06237307,0.09384151,0.27229783,-0.20737019,-0.04579804,-0.09467184,0.00611129,-0.3045156,-0.18068199,-0.22207597,-0.02626714,-0.00525284,-0.20025352,-0.15922168]","[0.06708288,0.04990609,0.05822181,0.05678668,0.0496811,0.05804073,0.05989622,0.07159819,0.04431848,0.05209005,0.04960542,0.05486542,0.04021565,0.04551719,0.04367151,0.05311741,0.05424545,0.04463501,0.04650456]"
final_eval,val,last,,15,device-00000068,2026-05-02 22:13:22,剪映|抖音,"[12,8]",2,日历,8,哔哩哔哩,7,0.07201493,8,"[""哔哩哔哩"",""华为视频"",""WPS""]","[7,5,0]","[0.07201493,0.07090363,0.0692896]","[0.28751352,0.27196169,0.24893491]","[0.24893491,-0.01776576,-0.15368822,-0.07251809,-0.03098595,0.27196169,0.1312155,0.28751352,-0.03163898,0.03742531,-0.07364561,-0.09388542,-0.25034481,-0.08987886,-0.12685302,-0.19285141,-0.09247944,-0.31120202,-0.20466843]","[0.0692896,0.05306906,0.04632453,0.05024152,0.0523721,0.07090363,0.06159467,0.07201493,0.05233791,0.05608033,0.0501849,0.04917938,0.04205655,0.04937682,0.04758449,0.04454538,0.04924858,0.03957343,0.04402209]"
final_eval,val,last,,16,device-00000068,2026-05-02 22:13:22,剪映|抖音|日历,"[12,8,9]",3,小红书,10,WPS,0,0.0804961,10,"[""WPS"",""华为视频"",""哔哩哔哩""]","[0,5,7]","[0.0804961,0.07223187,0.06776259]","[0.39093924,0.28261203,0.21874085]","[0.39093924,0.05888311,-0.01760117,2.722e-05,-0.00488087,0.28261203,0.06052307,0.21874085,-0.10720663,-0.04472088,-0.08417156,-0.18744022,-0.29020703,-0.22976527,-0.22901773,-0.12923171,-0.15066625,-0.30615789,-0.22411373]","[0.0804961,0.05775169,0.05349929,0.05445075,0.05418416,0.07223187,0.05784647,0.06776259,0.04891396,0.05206789,0.05005377,0.04514273,0.04073397,0.04327193,0.04330429,0.0478484,0.04683371,0.04008938,0.04351718]"
final_eval,val,last,,17,device-00000068,2026-05-02 22:15:52,剪映|抖音|日历|小红书,"[12,8,9,14]",4,备忘录,2,WPS,0,0.08165853,7,"[""WPS"",""华为视频"",""哔哩哔哩""]","[0,5,7]","[0.08165853,0.07086387,0.06799003]","[0.38931286,0.24752727,0.20612764]","[0.38931286,-0.05457228,-0.03449455,0.01573827,-0.07189736,0.24752727,0.02594626,0.20612764,-0.00302815,-0.04208555,-0.05227169,-0.29221418,-0.28967866,-0.24333611,-0.31558856,-0.20459738,-0.1002697,-0.23444492,-0.24913666]","[0.08165853,0.05238714,0.05344959,0.05620308,0.05148734,0.07086387,0.05677974,0.06799003,0.05515819,0.05304538,0.0525078,0.04130648,0.04141134,0.04337561,0.04035215,0.04508889,0.05004706,0.04376299,0.04312474]"
final_eval,val,last,,18,device-00000068,2026-05-02 22:29:16,剪映|抖音|日历|小红书|备忘录,"[12,8,9,14,4]",5,华为浏览器,1,WPS,0,0.09389652,4,"[""WPS"",""华为视频"",""哔哩哔哩""]","[0,5,7]","[0.09389652,0.06490883,0.062371]","[0.54265708,0.17344742,0.13356423]","[0.54265708,0.11163619,0.06692439,-0.03061261,0.02124274,0.17344742,0.06661194,0.13356423,0.06054939,0.04391258,-0.0562885,-0.41011372,-0.40971529,-0.37342271,-0.35285172,-0.13045511,-0.19945557,-0.19272937,-0.31317192]","[0.09389652,0.06101821,0.05835007,0.05292753,0.05574451,0.06490883,0.05833184,0.062371,0.05797927,0.05702266,0.05158586,0.03621315,0.03622759,0.03756653,0.03834732,0.04789835,0.04470479,0.04500649,0.03989952]"
final_eval,val,last,,19,device-00000076,2026-05-04 17:34:14,华为浏览器,[3],1,海泰浏览器,11,WPS,0,0.0809985,13,"[""WPS"",""微信"",""华为浏览器""]","[0,3,1]","[0.0809985,0.06947647,0.06564708]","[0.40398413,0.25054166,0.19384673]","[0.40398413,0.19384673,0.02805375,0.25054166,-0.01133633,-0.07104757,0.04564459,0.11761377,-0.06556895,-0.02245101,-0.20272967,-0.12861072,-0.27762192,-0.2018494,-0.26994151,-0.07231759,-0.12073218,-0.21187642,-0.22190216]","[0.0809985,0.06564708,0.05561763,0.06947647,0.05346943,0.05037016,0.05660464,0.06082861,0.05064688,0.05287843,0.04415547,0.04755256,0.04096936,0.04419435,0.04128524,0.05030623,0.04792869,0.04375343,0.04331696]"
final_eval,val,last,,20,device-00000076,2026-05-04 18:02:32,华为浏览器|海泰浏览器,"[3,13]",2,备忘录,2,WPS,0,0.07018587,5,"[""WPS"",""微信"",""抖音""]","[0,3,6]","[0.07018587,0.06503436,0.06122546]","[0.24329413,0.16706289,0.10671014]","[0.24329413,0.04405542,0.06809455,0.16706289,0.02679607,0.01673495,0.10671014,0.09842227,-0.09527286,-0.07641003,-0.23667008,-0.08925615,-0.1628609,-0.20126051,-0.25592104,-0.08331314,-0.16300032,-0.21274385,-0.24786548]","[0.07018587,0.05750709,0.05890626,0.06503436,0.05652307,0.05595724,0.06122546,0.06072012,0.05002786,0.05098048,0.0434314,0.05032977,0.04675831,0.04499685,0.0426033,0.05062977,0.04675179,0.04448309,0.04294788]"
final_eval,val,last,,21,device-00000076,2026-05-30 11:25:06,剪映,[12],1,华为视频,5,哔哩哔哩,7,0.07159819,5,"[""哔哩哔哩"",""WPS"",""抖音""]","[7,0,6]","[0.07159819,0.06708288,0.05989622]","[0.27229783,0.20715699,0.09384151]","[0.20715699,-0.08862891,0.06548807,0.04052987,-0.09314721,0.06237307,0.09384151,0.27229783,-0.20737019,-0.04579804,-0.09467184,0.00611129,-0.3045156,-0.18068199,-0.22207597,-0.02626714,-0.00525284,-0.20025352,-0.15922168]","[0.06708288,0.04990609,0.05822181,0.05678668,0.0496811,0.05804073,0.05989622,0.07159819,0.04431848,0.05209005,0.04960542,0.05486542,0.04021565,0.04551719,0.04367151,0.05311741,0.05424545,0.04463501,0.04650456]"
final_eval,val,last,,22,device-00000120,2026-05-01 20:03:39,微信,[5],1,华为音乐,4,WPS,0,0.08571474,3,"[""WPS"",""华为浏览器"",""华为音乐""]","[0,1,4]","[0.08571474,0.08265866,0.06150256]","[0.44846028,0.41215512,0.11651426]","[0.44846028,0.41215512,0.09868817,0.03281443,0.11651426,-0.02869501,0.0948637,0.06621234,-0.1815924,0.01174656,-0.2216123,-0.16876906,-0.24092408,-0.27406815,-0.33071974,-0.17459321,-0.26061139,-0.32061225,-0.35657457]","[0.08571474,0.08265866,0.06041592,0.05656435,0.06150256,0.05318995,0.06018531,0.05848538,0.04564856,0.05538512,0.04385778,0.0462377,0.04301893,0.04161648,0.03932438,0.04596918,0.04218029,0.03972387,0.03832069]"
final_eval,val,last,,23,device-00000120,2026-05-01 21:37:18,抖音,[8],1,华为浏览器,1,华为视频,5,0.06638682,8,"[""华为视频"",""哔哩哔哩"",""WPS""]","[5,7,0]","[0.06638682,0.0638495,0.0610066]","[0.2217771,0.18280734,0.13726062]","[0.13726062,0.0314508,-0.20174867,-0.12062489,-0.00855645,0.2217771,0.0794245,0.18280734,0.10505957,0.11407757,0.01702792,-0.17092037,-0.10159802,0.03488373,-0.00179338,-0.1527957,-0.09104487,-0.27517071,-0.17666665]","[0.0610066,0.05488128,0.04346573,0.04713881,0.05272897,0.06638682,0.05757831,0.0638495,0.05907341,0.05960855,0.05409541,0.04482657,0.04804429,0.05507,0.05308679,0.04564645,0.048554,0.04038873,0.04456972]"
final_eval,val,last,,24,device-00000120,2026-05-01 21:40:50,抖音|华为浏览器,"[8,3]",2,钉钉,13,WPS,0,0.07979444,14,"[""WPS"",""微信"",""华为浏览器""]","[0,3,1]","[0.07979444,0.06560816,0.06254169]","[0.38887513,0.19312125,0.14525455]","[0.38887513,0.14525455,-0.12984961,0.19312125,-0.00834248,0.14137226,0.08688245,0.14426249,0.07793745,-0.07383112,-0.14186083,-0.25778872,-0.28195387,-0.16074121,-0.12428731,-0.17639601,-0.15911686,-0.26242131,-0.25244826]","[0.07979444,0.06254169,0.04749997,0.06560816,0.05363685,0.06229935,0.0589955,0.06247967,0.05847014,0.05023679,0.04693285,0.04179556,0.04079767,0.04605506,0.04776492,0.04533969,0.04612993,0.04160238,0.04201936]"
final_eval,val,last,,25,device-00000120,2026-05-02 23:40:55,华为视频,[7],1,钉钉,13,WPS,0,0.06934109,17,"[""WPS"",""华为视频"",""哔哩哔哩""]","[0,5,7]","[0.06934109,0.06846151,0.06066411]","[0.29817939,0.28541347,0.1644941]","[0.29817939,0.04557058,-0.02868778,0.14289367,0.14310259,0.28541347,0.16163646,0.1644941,0.09409276,0.10849963,-0.07100647,-0.28519806,-0.10359421,-0.2001144,-0.1188909,-0.02399483,-0.03915326,-0.16259456,-0.2468778]","[0.06934109,0.05386219,0.05000737,0.05936779,0.0593802,0.06846151,0.060491,0.06066411,0.05654015,0.05736061,0.04793528,0.03869306,0.04639836,0.04212932,0.04569401,0.05024261,0.04948675,0.04374003,0.04020456]"
final_eval,val,last,,26,device-00000120,2026-05-02 23:41:10,华为视频|钉钉,"[7,15]",2,华为视频,5,WPS,0,0.06885587,2,"[""WPS"",""华为视频"",""华为音乐""]","[0,5,4]","[0.06885587,0.06840551,0.06368593]","[0.26535356,0.25879136,0.18730178]","[0.26535356,-0.00748811,-0.01750526,0.18184441,0.18730178,0.25879136,0.02593674,0.17929898,0.0584375,-0.03299744,-0.12021598,-0.29667282,-0.04625021,-0.27555969,-0.11887135,0.0223154,-0.10888693,-0.18656114,-0.32129386]","[0.06885587,0.05241401,0.05189159,0.06333932,0.06368593,0.06840551,0.05419555,0.0631783,0.05598588,0.05109387,0.04682634,0.03925148,0.0504212,0.04008901,0.04688936,0.05399964,0.04735986,0.04382046,0.03829687]"
final_eval,val,last,,27,device-00000120,2026-05-02 23:41:33,华为视频|钉钉|华为视频,"[7,15,7]",3,钉钉,13,WPS,0,0.07717469,17,"[""WPS"",""华为视频"",""微信""]","[0,5,3]","[0.07717469,0.07435618,0.06376927]","[0.41453409,0.37732938,0.22373384]","[0.41453409,0.08372766,-0.0462729,0.22373384,0.22300729,0.37732938,0.1979166,0.20186546,0.19895664,0.03464682,-0.09740601,-0.38144711,-0.1062609,-0.32880348,-0.15328112,-0.02007546,-0.11745404,-0.27916116,-0.34505025]","[0.07717469,0.05543799,0.04867982,0.06376927,0.06372295,0.07435618,0.06214399,0.06238987,0.06220865,0.05278274,0.04625324,0.03481647,0.04584548,0.03669843,0.04373971,0.04997196,0.04533518,0.0385662,0.03610702]"
final_eval,val,last,,28,device-00000120,2026-05-03 00:15:50,华为视频|钉钉|华为视频|钉钉,"[7,15,7,15]",4,日历,8,WPS,0,0.07311721,6,"[""WPS"",""华为视频"",""华为音乐""]","[0,5,4]","[0.07311721,0.07229333,0.06724671]","[0.33133304,0.32000116,0.24763742]","[0.33133304,0.02686135,-0.02901278,0.24528247,0.24763742,0.32000116,0.05299537,0.19461721,0.08642926,-0.08045954,-0.11522281,-0.37533131,-0.04780092,-0.34642509,-0.13599563,0.01062637,-0.15451591,-0.24210984,-0.39260086]","[0.07311721,0.05392488,0.05099451,0.06708854,0.06724671,0.07229333,0.05535274,0.06377415,0.05723468,0.04843735,0.04678244,0.03606776,0.05004536,0.03712556,0.04582066,0.05305649,0.04497986,0.04120753,0.03545024]"
final_eval,val,last,,29,device-00000127,2026-05-08 13:08:55,华为浏览器,[3],1,抖音,6,WPS,0,0.0809985,5,"[""WPS"",""微信"",""华为浏览器""]","[0,3,1]","[0.0809985,0.06947647,0.06564708]","[0.40398413,0.25054166,0.19384673]","[0.40398413,0.19384673,0.02805375,0.25054166,-0.01133633,-0.07104757,0.04564459,0.11761377,-0.06556895,-0.02245101,-0.20272967,-0.12861072,-0.27762192,-0.2018494,-0.26994151,-0.07231759,-0.12073218,-0.21187642,-0.22190216]","[0.0809985,0.06564708,0.05561763,0.06947647,0.05346943,0.05037016,0.05660464,0.06082861,0.05064688,0.05287843,0.04415547,0.04755256,0.04096936,0.04419435,0.04128524,0.05030623,0.04792869,0.04375343,0.04331696]"
final_eval,val,last,,30,device-00000127,2026-05-08 14:23:31,微信,[5],1,哔哩哔哩,7,WPS,0,0.08571474,6,"[""WPS"",""华为浏览器"",""华为音乐""]","[0,1,4]","[0.08571474,0.08265866,0.06150256]","[0.44846028,0.41215512,0.11651426]","[0.44846028,0.41215512,0.09868817,0.03281443,0.11651426,-0.02869501,0.0948637,0.06621234,-0.1815924,0.01174656,-0.2216123,-0.16876906,-0.24092408,-0.27406815,-0.33071974,-0.17459321,-0.26061139,-0.32061225,-0.35657457]","[0.08571474,0.08265866,0.06041592,0.05656435,0.06150256,0.05318995,0.06018531,0.05848538,0.04564856,0.05538512,0.04385778,0.0462377,0.04301893,0.04161648,0.03932438,0.04596918,0.04218029,0.03972387,0.03832069]"
final_eval,val,last,,31,device-00000127,2026-05-08 14:24:01,微信|哔哩哔哩,"[5,10]",2,华为音乐,4,WPS,0,0.08639618,3,"[""WPS"",""华为浏览器"",""华为音乐""]","[0,1,4]","[0.08639618,0.07053883,0.06420771]","[0.4752937,0.27251351,0.1784735]","[0.4752937,0.27251351,0.09964184,0.03951731,0.1784735,0.01970989,0.1373677,0.10637911,-0.13918625,-0.02622627,-0.24957353,-0.22771248,-0.08748031,-0.26396745,-0.32169348,-0.07288789,-0.093986,-0.30881125,-0.39630401]","[0.08639618,0.07053883,0.05934048,0.0558778,0.06420771,0.05478189,0.06162191,0.05974162,0.0467336,0.05232234,0.04184935,0.04277429,0.04921357,0.04125129,0.03893744,0.04993698,0.04889444,0.03944229,0.03613803]"
final_eval,val,last,,32,device-00000127,2026-05-08 14:25:29,微信|哔哩哔哩|华为音乐,"[5,10,6]",3,华为视频,5,WPS,0,0.0877298,4,"[""WPS"",""华为浏览器"",""华为音乐""]","[0,1,4]","[0.0877298,0.07018309,0.06395172]","[0.49088275,0.26772851,0.17474952]","[0.49088275,0.26772851,0.13118732,-0.01519499,0.17474952,0.13755184,0.12035962,0.09639035,-0.13947095,-0.04736856,-0.20789647,-0.233428,-0.14804468,-0.29537997,-0.32221845,-0.12954687,-0.0692656,-0.28132245,-0.40938255]","[0.0877298,0.07018309,0.06122565,0.0528884,0.06395172,0.06161657,0.06056629,0.05913182,0.04670765,0.05121387,0.04361855,0.042519,0.0463089,0.0399648,0.03890647,0.04717349,0.05010463,0.04053057,0.03565881]"
final_eval,val,last,,33,device-00000127,2026-05-09 17:38:11,WPS,[2],1,日历,8,华为浏览器,1,0.09829451,16,"[""华为浏览器"",""WPS"",""备忘录""]","[1,0,2]","[0.09829451,0.08595993,0.08561739]","[0.57226902,0.43818206,0.43418935]","[0.43818206,0.57226902,0.43418935,0.23850346,-0.00260794,-0.18443407,-0.03422632,-0.14791572,-0.39595559,-0.10415498,-0.1312293,-0.17662209,-0.23388727,-0.51968086,-0.45018718,-0.30580646,-0.26028425,-0.24594435,-0.45404679]","[0.08595993,0.09829451,0.08561739,0.07040066,0.05531761,0.04612085,0.05359592,0.04783624,0.03732799,0.04997607,0.04864115,0.04648256,0.04389551,0.03298385,0.03535755,0.04084942,0.04275196,0.04336943,0.03522135]"
final_eval,val,last,,34,device-00000219,2026-05-01 15:27:05,华为音乐,[6],1,日历,8,WPS,0,0.06760579,13,"[""WPS"",""华为视频"",""哔哩哔哩""]","[0,5,7]","[0.06760579,0.06420808,0.05801192]","[0.238914,0.18734938,0.08586904]","[0.238914,0.05297065,0.02051903,0.00647135,0.0255587,0.18734938,0.01990644,0.08586904,-0.09646695,0.0306989,0.03073226,-0.14133199,-0.07435831,-0.10631856,-0.17755884,-0.13306344,0.05319493,-0.14382206,-0.23478298]","[0.06760579,0.05613448,0.05434207,0.05358402,0.05461662,0.06420808,0.05430879,0.05801192,0.04834257,0.05489808,0.05489992,0.04622162,0.04942327,0.04786866,0.04457712,0.04660539,0.05614707,0.04610667,0.04209785]"
final_eval,val,last,,35,device-00000219,2026-05-01 15:32:30,华为音乐|日历,"[6,9]",2,微信,3,WPS,0,0.08221323,5,"[""WPS"",""华为浏览器"",""华为视频""]","[0,1,5]","[0.08221323,0.0662447,0.06583761]","[0.43809807,0.22213724,0.21597323]","[0.43809807,0.22213724,0.13452947,0.10344897,0.1004296,0.21597323,-0.0253174,0.0612502,-0.13470033,-0.00253996,0.01520391,-0.21152437,-0.12883945,-0.21909508,-0.33618486,-0.16169676,-0.06966123,-0.2113151,-0.31717759]","[0.08221323,0.0662447,0.0606881,0.0588309,0.05865353,0.06583761,0.05172291,0.05639996,0.04636375,0.05291454,0.05386183,0.04293527,0.04663628,0.04261145,0.03790312,0.04512883,0.04947942,0.04294426,0.03863044]"
final_eval,val,last,,36,device-00000219,2026-05-01 15:33:26,华为音乐|日历|微信,"[6,9,5]",3,备忘录,2,WPS,0,0.08942398,5,"[""WPS"",""华为浏览器"",""华为音乐""]","[0,1,4]","[0.08942398,0.08346154,0.06773421]","[0.52854908,0.45954612,0.25075164]","[0.52854908,0.45954612,0.16265635,0.15483858,0.25075164,0.1869538,0.02835028,0.05403936,-0.18195896,-0.02097772,-0.04750931,-0.24926916,-0.17920074,-0.31073314,-0.40895617,-0.25845218,-0.19928247,-0.29829445,-0.41609108]","[0.08942398,0.08346154,0.06202243,0.06153945,0.06773421,0.06354788,0.0542276,0.0556387,0.04394245,0.05161757,0.05026608,0.04108202,0.04406382,0.03863299,0.03501875,0.04070649,0.04318777,0.03911654,0.03476978]"
final_eval,val,last,,37,device-00000219,2026-05-09 20:34:26,小红书,[14],1,抖音,6,哔哩哔哩,7,0.06432129,6,"[""哔哩哔哩"",""WPS"",""华为邮箱""]","[7,0,9]","[0.06432129,0.06377723,0.06236688]","[0.17651232,0.16801785,0.1456559]","[0.16801785,-0.18998936,-0.0703953,0.0208609,-0.05961819,0.07685486,0.04695208,0.17651232,0.032841,0.1456559,-0.0061837,-0.1425973,-0.13067964,-0.02368091,-0.29834348,-0.03693882,0.0637308,-0.14015351,-0.25349635]","[0.06377723,0.04458462,0.05024862,0.05504986,0.05079309,0.05822026,0.05650508,0.06432129,0.05571333,0.06236688,0.05358101,0.04674846,0.04730892,0.05265165,0.04000622,0.0519582,0.05746116,0.04686283,0.04184122]"
final_eval,val,last,,38,device-00000219,2026-05-09 21:29:55,小红书|抖音,"[14,8]",2,哔哩哔哩,7,华为视频,5,0.07132325,2,"[""华为视频"",""哔哩哔哩"",""华为邮箱""]","[5,7,9]","[0.07132325,0.06869306,0.06418624]","[0.29817286,0.2605986,0.19273925]","[0.17761949,-0.07206459,-0.2233661,-0.09089492,0.03734828,0.29817286,0.13799098,0.2605986,0.08533431,0.19273925,-0.00306002,-0.1691674,-0.11699551,0.05388548,-0.17484778,-0.1568858,-0.07611335,-0.27712002,-0.28036457]","[0.06322306,0.04925372,0.04233793,0.04833494,0.05494858,0.07132325,0.06076661,0.06869306,0.05764963,0.06418624,0.05277247,0.04469592,0.04708968,0.05586483,0.04444275,0.04524824,0.04905471,0.04012218,0.03999222]"
final_eval,val,last,,39,device-00000238,2026-05-17 14:34:53,华为音乐,[6],1,微信,3,WPS,0,0.06760579,11,"[""WPS"",""华为视频"",""哔哩哔哩""]","[0,5,7]","[0.06760579,0.06420808,0.05801192]","[0.238914,0.18734938,0.08586904]","[0.238914,0.05297065,0.02051903,0.00647135,0.0255587,0.18734938,0.01990644,0.08586904,-0.09646695,0.0306989,0.03073226,-0.14133199,-0.07435831,-0.10631856,-0.17755884,-0.13306344,0.05319493,-0.14382206,-0.23478298]","[0.06760579,0.05613448,0.05434207,0.05358402,0.05461662,0.06420808,0.05430879,0.05801192,0.04834257,0.05489808,0.05489992,0.04622162,0.04942327,0.04786866,0.04457712,0.04660539,0.05614707,0.04610667,0.04209785]"
final_eval,val,last,,40,device-00000238,2026-05-17 14:57:38,华为音乐|微信,"[6,5]",2,华为浏览器,1,WPS,0,0.08382976,2,"[""WPS"",""华为浏览器"",""华为音乐""]","[0,1,4]","[0.08382976,0.0786856,0.06533507]","[0.45272893,0.38940108,0.20346981]","[0.45272893,0.38940108,0.11474198,0.08817964,0.20346981,0.18015651,0.07276746,0.06504381,-0.15222658,-0.00146014,-0.10335623,-0.21625757,-0.17291176,-0.27412951,-0.34910506,-0.22766018,-0.1718937,-0.30460158,-0.3799341]","[0.08382976,0.0786856,0.05978777,0.05822058,0.06533507,0.06382951,0.05733015,0.05688905,0.04577933,0.05322877,0.04807214,0.04293991,0.0448421,0.04052543,0.03759812,0.04245306,0.04488777,0.03930916,0.03645669]"
final_eval,val,last,,41,device-00000238,2026-05-17 15:00:12,华为音乐|微信|华为浏览器,"[6,5,3]",3,备忘录,2,WPS,0,0.10177499,6,"[""WPS"",""华为浏览器"",""微信""]","[0,1,3]","[0.10177499,0.08292478,0.07265378]","[0.6487394,0.44390899,0.31168035]","[0.6487394,0.44390899,0.10438064,0.31168035,0.11757616,0.12696406,0.08336774,0.03576132,-0.17364483,-0.16576177,-0.21021536,-0.29351825,-0.22031699,-0.32318878,-0.3816894,-0.21325551,-0.20992948,-0.33456814,-0.38634598]","[0.10177499,0.08292478,0.05905125,0.07265378,0.05983562,0.06039999,0.05782336,0.05513509,0.04471818,0.04507209,0.04311236,0.03966649,0.04267904,0.03850685,0.0363188,0.04298149,0.04312468,0.03807115,0.03615007]"
final_eval,val,last,,42,device-00000238,2026-05-18 21:07:55,哔哩哔哩,[10],1,抖音,6,中望CAD,16,0.06170132,11,"[""中望CAD"",""WPS"",""华为音乐""]","[16,0,4]","[0.06170132,0.06125453,0.06096523]","[0.17013587,0.16286834,0.15813416]","[0.16286834,-0.06946307,0.03221462,0.04134975,0.15813416,0.05780338,0.01809486,0.14868805,-0.02365379,0.1130351,0.00750798,-0.12248217,0.02843578,-0.13768506,-0.19063416,0.05727087,0.17013587,-0.15145665,-0.22342873]","[0.06125453,0.04855545,0.05375218,0.05424546,0.06096523,0.05514538,0.05299854,0.06039206,0.05083147,0.05827683,0.05244041,0.04604814,0.05354944,0.04535337,0.04301441,0.05511602,0.06170132,0.04473306,0.04162666]"
final_eval,val,last,,43,device-00000238,2026-05-25 20:57:46,华为邮箱,[11],1,日历,8,抖音,6,0.06126747,19,"[""抖音"",""海泰浏览器"",""哔哩哔哩""]","[6,11,7]","[0.06126747,0.0603568,0.0572639]","[0.15634371,0.1413683,0.08876499]","[0.06504051,0.02116998,0.01955166,-0.05610375,-0.05253843,-0.02623208,0.15634371,0.08876499,-0.22099677,-0.0297109,0.00456042,0.1413683,-0.08394878,0.00039666,-0.0116505,0.02978157,0.02949294,-0.07606654,0.02093893]","[0.05592133,0.05352107,0.05343452,0.04954105,0.049718,0.05104325,0.06126747,0.0572639,0.04201004,0.05086599,0.05263945,0.0603568,0.04818061,0.05242072,0.05179299,0.05398396,0.05396838,0.04856188,0.0535087]"
final_eval,val,last,,44,device-00000244,2026-05-01 16:45:57,哔哩哔哩,[10],1,小红书,10,中望CAD,16,0.06170132,12,"[""中望CAD"",""WPS"",""华为音乐""]","[16,0,4]","[0.06170132,0.06125453,0.06096523]","[0.17013587,0.16286834,0.15813416]","[0.16286834,-0.06946307,0.03221462,0.04134975,0.15813416,0.05780338,0.01809486,0.14868805,-0.02365379,0.1130351,0.00750798,-0.12248217,0.02843578,-0.13768506,-0.19063416,0.05727087,0.17013587,-0.15145665,-0.22342873]","[0.06125453,0.04855545,0.05375218,0.05424546,0.06096523,0.05514538,0.05299854,0.06039206,0.05083147,0.05827683,0.05244041,0.04604814,0.05354944,0.04535337,0.04301441,0.05511602,0.06170132,0.04473306,0.04162666]"
final_eval,val,last,,45,device-00000244,2026-05-01 17:14:24,哔哩哔哩|小红书,"[10,14]",2,华为视频,5,WPS,0,0.06483552,5,"[""WPS"",""哔哩哔哩"",""华为邮箱""]","[0,7,9]","[0.06483552,0.06350224,0.06292342]","[0.20471126,0.183933,0.17477608]","[0.20471126,-0.1563701,-0.01172237,0.08803017,0.11963979,0.12903889,0.02062501,0.183933,0.05911354,0.17477608,0.02802962,-0.18163401,-0.03896492,-0.14388901,-0.36950114,-0.07648674,0.14135946,-0.19408232,-0.29811734]","[0.06483552,0.04518532,0.05221762,0.05769511,0.05954796,0.0601103,0.05393434,0.06350224,0.05605066,0.06292342,0.05433518,0.04405806,0.05081428,0.04575281,0.03651201,0.04894296,0.06085547,0.04351301,0.03921365]"
final_eval,val,last,,46,device-00000244,2026-05-05 23:57:08,WPS,[2],1,微信,3,华为浏览器,1,0.09829451,4,"[""华为浏览器"",""WPS"",""备忘录""]","[1,0,2]","[0.09829451,0.08595993,0.08561739]","[0.57226902,0.43818206,0.43418935]","[0.43818206,0.57226902,0.43418935,0.23850346,-0.00260794,-0.18443407,-0.03422632,-0.14791572,-0.39595559,-0.10415498,-0.1312293,-0.17662209,-0.23388727,-0.51968086,-0.45018718,-0.30580646,-0.26028425,-0.24594435,-0.45404679]","[0.08595993,0.09829451,0.08561739,0.07040066,0.05531761,0.04612085,0.05359592,0.04783624,0.03732799,0.04997607,0.04864115,0.04648256,0.04389551,0.03298385,0.03535755,0.04084942,0.04275196,0.04336943,0.03522135]"
final_eval,val,last,,47,device-00000275,2026-05-01 12:19:00,WPS,[2],1,华为浏览器,1,华为浏览器,1,0.09829451,1,"[""华为浏览器"",""WPS"",""备忘录""]","[1,0,2]","[0.09829451,0.08595993,0.08561739]","[0.57226902,0.43818206,0.43418935]","[0.43818206,0.57226902,0.43418935,0.23850346,-0.00260794,-0.18443407,-0.03422632,-0.14791572,-0.39595559,-0.10415498,-0.1312293,-0.17662209,-0.23388727,-0.51968086,-0.45018718,-0.30580646,-0.26028425,-0.24594435,-0.45404679]","[0.08595993,0.09829451,0.08561739,0.07040066,0.05531761,0.04612085,0.05359592,0.04783624,0.03732799,0.04997607,0.04864115,0.04648256,0.04389551,0.03298385,0.03535755,0.04084942,0.04275196,0.04336943,0.03522135]"
final_eval,val,last,,48,device-00000275,2026-05-26 09:54:20,WPS,[2],1,华为视频,5,华为浏览器,1,0.09829451,11,"[""华为浏览器"",""WPS"",""备忘录""]","[1,0,2]","[0.09829451,0.08595993,0.08561739]","[0.57226902,0.43818206,0.43418935]","[0.43818206,0.57226902,0.43418935,0.23850346,-0.00260794,-0.18443407,-0.03422632,-0.14791572,-0.39595559,-0.10415498,-0.1312293,-0.17662209,-0.23388727,-0.51968086,-0.45018718,-0.30580646,-0.26028425,-0.24594435,-0.45404679]","[0.08595993,0.09829451,0.08561739,0.07040066,0.05531761,0.04612085,0.05359592,0.04783624,0.03732799,0.04997607,0.04864115,0.04648256,0.04389551,0.03298385,0.03535755,0.04084942,0.04275196,0.04336943,0.03522135]"
final_eval,val,last,,49,device-00000310,2026-05-17 13:59:28,WPS,[2],1,华为浏览器,1,华为浏览器,1,0.09829451,1,"[""华为浏览器"",""WPS"",""备忘录""]","[1,0,2]","[0.09829451,0.08595993,0.08561739]","[0.57226902,0.43818206,0.43418935]","[0.43818206,0.57226902,0.43418935,0.23850346,-0.00260794,-0.18443407,-0.03422632,-0.14791572,-0.39595559,-0.10415498,-0.1312293,-0.17662209,-0.23388727,-0.51968086,-0.45018718,-0.30580646,-0.26028425,-0.24594435,-0.45404679]","[0.08595993,0.09829451,0.08561739,0.07040066,0.05531761,0.04612085,0.05359592,0.04783624,0.03732799,0.04997607,0.04864115,0.04648256,0.04389551,0.03298385,0.03535755,0.04084942,0.04275196,0.04336943,0.03522135]"
final_eval,val,last,,50,device-00000333,2026-05-01 12:45:08,哔哩哔哩,[10],1,小红书,10,中望CAD,16,0.06170132,12,"[""中望CAD"",""WPS"",""华为音乐""]","[16,0,4]","[0.06170132,0.06125453,0.06096523]","[0.17013587,0.16286834,0.15813416]","[0.16286834,-0.06946307,0.03221462,0.04134975,0.15813416,0.05780338,0.01809486,0.14868805,-0.02365379,0.1130351,0.00750798,-0.12248217,0.02843578,-0.13768506,-0.19063416,0.05727087,0.17013587,-0.15145665,-0.22342873]","[0.06125453,0.04855545,0.05375218,0.05424546,0.06096523,0.05514538,0.05299854,0.06039206,0.05083147,0.05827683,0.05244041,0.04604814,0.05354944,0.04535337,0.04301441,0.05511602,0.06170132,0.04473306,0.04162666]"
final_eval,val,last,,51,device-00000333,2026-05-01 12:45:36,哔哩哔哩|小红书,"[10,14]",2,哔哩哔哩,7,WPS,0,0.06483552,2,"[""WPS"",""哔哩哔哩"",""华为邮箱""]","[0,7,9]","[0.06483552,0.06350224,0.06292342]","[0.20471126,0.183933,0.17477608]","[0.20471126,-0.1563701,-0.01172237,0.08803017,0.11963979,0.12903889,0.02062501,0.183933,0.05911354,0.17477608,0.02802962,-0.18163401,-0.03896492,-0.14388901,-0.36950114,-0.07648674,0.14135946,-0.19408232,-0.29811734]","[0.06483552,0.04518532,0.05221762,0.05769511,0.05954796,0.0601103,0.05393434,0.06350224,0.05605066,0.06292342,0.05433518,0.04405806,0.05081428,0.04575281,0.03651201,0.04894296,0.06085547,0.04351301,0.03921365]"
final_eval,val,last,,52,device-00000333,2026-05-01 15:28:15,小红书,[14],1,哔哩哔哩,7,哔哩哔哩,7,0.06432129,1,"[""哔哩哔哩"",""WPS"",""华为邮箱""]","[7,0,9]","[0.06432129,0.06377723,0.06236688]","[0.17651232,0.16801785,0.1456559]","[0.16801785,-0.18998936,-0.0703953,0.0208609,-0.05961819,0.07685486,0.04695208,0.17651232,0.032841,0.1456559,-0.0061837,-0.1425973,-0.13067964,-0.02368091,-0.29834348,-0.03693882,0.0637308,-0.14015351,-0.25349635]","[0.06377723,0.04458462,0.05024862,0.05504986,0.05079309,0.05822026,0.05650508,0.06432129,0.05571333,0.06236688,0.05358101,0.04674846,0.04730892,0.05265165,0.04000622,0.0519582,0.05746116,0.04686283,0.04184122]"
final_eval,val,last,,53,device-00000333,2026-05-01 15:55:30,小红书|哔哩哔哩,"[14,10]",2,华为浏览器,1,WPS,0,0.06550192,17,"[""WPS"",""哔哩哔哩"",""中望CAD""]","[0,7,16]","[0.06550192,0.06503272,0.06202646]","[0.22476357,0.2175746,0.17024511]","[0.22476357,-0.194217,0.01348235,0.03655516,0.10753543,0.10786396,0.11159579,0.2175746,0.01184122,0.10632782,-0.02173973,-0.16880134,-0.02353032,-0.08024017,-0.28772348,0.07793412,0.17024511,-0.18391916,-0.35102278]","[0.06550192,0.04308173,0.05302684,0.05426455,0.05825625,0.05827539,0.05849327,0.06503272,0.05293989,0.05818594,0.05119164,0.04419071,0.05110005,0.04828282,0.03923591,0.05655706,0.06202646,0.04352767,0.03682928]"
final_eval,val,last,,54,device-00000333,2026-05-05 21:18:13,华为视频,[7],1,WPS,0,WPS,0,0.06934109,1,"[""WPS"",""华为视频"",""哔哩哔哩""]","[0,5,7]","[0.06934109,0.06846151,0.06066411]","[0.29817939,0.28541347,0.1644941]","[0.29817939,0.04557058,-0.02868778,0.14289367,0.14310259,0.28541347,0.16163646,0.1644941,0.09409276,0.10849963,-0.07100647,-0.28519806,-0.10359421,-0.2001144,-0.1188909,-0.02399483,-0.03915326,-0.16259456,-0.2468778]","[0.06934109,0.05386219,0.05000737,0.05936779,0.0593802,0.06846151,0.060491,0.06066411,0.05654015,0.05736061,0.04793528,0.03869306,0.04639836,0.04212932,0.04569401,0.05024261,0.04948675,0.04374003,0.04020456]"
final_eval,val,last,,55,device-00000365,2026-05-04 07:58:11,海泰浏览器,[13],1,华为浏览器,1,华为视频,5,0.0592574,18,"[""华为视频"",""抖音"",""WPS""]","[5,6,0]","[0.0592574,0.05877938,0.05876089]","[0.08608423,0.07798489,0.07767017]","[0.07767017,-0.16042776,-0.02800775,0.0594307,-0.0545684,0.08608423,0.07798489,0.05027594,-0.09379466,-0.02171817,-0.02446594,-0.11679433,-0.02839344,-0.0404012,-0.13613491,0.00341327,0.00053446,-0.11299405,-0.22294341]","[0.05876089,0.04631096,0.05286802,0.05769884,0.05148229,0.0592574,0.05877938,0.05717303,0.04950193,0.05320159,0.0530556,0.0483764,0.05284764,0.05221684,0.04744976,0.05455556,0.05439873,0.04856059,0.04350444]"
final_eval,val,last,,56,device-00000365,2026-05-05 09:47:16,备忘录,[4],1,飞书,14,WPS,0,0.08971044,16,"[""WPS"",""华为浏览器"",""备忘录""]","[0,1,2]","[0.08971044,0.07165939,0.06338761]","[0.51290429,0.28824121,0.16558544]","[0.51290429,0.28824121,0.16558544,0.02131892,0.06147591,-0.05240984,-0.01121944,0.0800637,-0.06990828,0.08606992,-0.11832032,-0.28630191,-0.21485159,-0.2854811,-0.27742651,0.00930883,-0.26796556,-0.20078778,-0.27927306]","[0.08971044,0.07165939,0.06338761,0.05487193,0.05712026,0.05097183,0.05311522,0.05819193,0.05008766,0.05854249,0.04772057,0.04034151,0.0433294,0.04037464,0.04070115,0.05421685,0.04108805,0.04394308,0.04062606]"
final_eval,val,last,,57,device-00000365,2026-05-06 10:27:01,微信,[5],1,海泰浏览器,11,WPS,0,0.08571474,10,"[""WPS"",""华为浏览器"",""华为音乐""]","[0,1,4]","[0.08571474,0.08265866,0.06150256]","[0.44846028,0.41215512,0.11651426]","[0.44846028,0.41215512,0.09868817,0.03281443,0.11651426,-0.02869501,0.0948637,0.06621234,-0.1815924,0.01174656,-0.2216123,-0.16876906,-0.24092408,-0.27406815,-0.33071974,-0.17459321,-0.26061139,-0.32061225,-0.35657457]","[0.08571474,0.08265866,0.06041592,0.05656435,0.06150256,0.05318995,0.06018531,0.05848538,0.04564856,0.05538512,0.04385778,0.0462377,0.04301893,0.04161648,0.03932438,0.04596918,0.04218029,0.03972387,0.03832069]"
final_eval,val,last,,58,device-00000449,2026-05-14 17:39:46,日历,[9],1,微信,3,WPS,0,0.07412585,6,"[""WPS"",""华为浏览器"",""备忘录""]","[0,1,2]","[0.07412585,0.06351998,0.06089396]","[0.32611173,0.17170203,0.12948132]","[0.32611173,0.17170203,0.12948132,0.06158218,0.10042461,0.080267,-0.08201488,0.05944824,-0.05858853,-0.03075279,0.00162934,-0.15092644,-0.13801399,-0.17740896,-0.27205986,-0.07478531,-0.09643602,-0.18216586,-0.18440321]","[0.07412585,0.06351998,0.06089396,0.05689655,0.05915004,0.05796965,0.04928588,0.05677527,0.0504541,0.05187826,0.05358569,0.0460039,0.04660177,0.04480159,0.04075558,0.04964349,0.04858023,0.04458898,0.04448933]"
final_eval,val,last,,59,device-00000449,2026-05-14 17:46:19,日历|微信,"[9,5]",2,备忘录,2,WPS,0,0.0887744,4,"[""WPS"",""华为浏览器"",""华为音乐""]","[0,1,4]","[0.0887744,0.08385359,0.06883091]","[0.50745487,0.45042881,0.25300953]","[0.50745487,0.45042881,0.19123361,0.07124298,0.25300953,0.07928318,-0.00427099,0.07429048,-0.13943979,-0.06679737,-0.09957782,-0.21078482,-0.22056423,-0.31815755,-0.39287612,-0.22414392,-0.27334365,-0.29461831,-0.32406396]","[0.0887744,0.08385359,0.0647075,0.05739094,0.06883091,0.05785424,0.05321671,0.0575661,0.04648844,0.04999115,0.04837899,0.04328727,0.04286601,0.03888023,0.03608103,0.04271284,0.04066223,0.0398063,0.03865126]"
final_eval,val,last,,60,device-00000449,2026-05-14 17:49:24,日历|微信|备忘录,"[9,5,4]",3,WPS,0,WPS,0,0.10883765,1,"[""WPS"",""华为浏览器"",""备忘录""]","[0,1,2]","[0.10883765,0.08548328,0.06926452]","[0.71422505,0.47268853,0.26230061]","[0.71422505,0.47268853,0.26230061,0.01893682,0.23550841,0.03969128,-0.03823643,0.02613972,-0.03185162,-0.01707982,-0.16537282,-0.34367225,-0.32124126,-0.43354043,-0.45253977,-0.17703892,-0.36557892,-0.27458411,-0.36078802]","[0.10883765,0.08548328,0.06926452,0.05430244,0.06743342,0.05544123,0.05128487,0.05469498,0.05161337,0.05238144,0.04516215,0.03778681,0.03864398,0.03453909,0.03388907,0.04463835,0.03696803,0.04048972,0.03714556]"
final_eval,val,last,,61,device-00000449,2026-05-14 17:50:07,日历|微信|备忘录|WPS,"[9,5,4,2]",4,华为视频,5,华为浏览器,1,0.10634898,6,"[""华为浏览器"",""WPS"",""备忘录""]","[1,0,2]","[0.10634898,0.10423192,0.10262306]","[0.69307727,0.6729697,0.65741396]","[0.6729697,0.69307727,0.65741396,0.1634203,0.22606346,-0.03252771,-0.07483359,-0.03835351,-0.31895599,-0.15183473,-0.22193436,-0.32820648,-0.33771348,-0.64529991,-0.62394816,-0.22975367,-0.43981075,-0.3290804,-0.53423673]","[0.10423192,0.10634898,0.10262306,0.06261902,0.06666715,0.05147628,0.04934395,0.05117726,0.03865564,0.04568701,0.04259404,0.03829971,0.03793731,0.02789225,0.0284942,0.04226228,0.03425518,0.03826625,0.03116862]"
final_eval,val,last,,62,device-00000449,2026-05-14 17:51:21,日历|微信|备忘录|WPS|华为视频,"[9,5,4,2,7]",5,华为邮箱,9,WPS,0,0.1199149,9,"[""WPS"",""华为浏览器"",""备忘录""]","[0,1,2]","[0.1199149,0.09064474,0.07852621]","[0.83566195,0.55582744,0.41231203]","[0.83566195,0.55582744,0.41231203,0.16938102,0.1944249,0.07129306,0.0420784,0.05372559,-0.08671215,-0.07817578,-0.27609423,-0.37406597,-0.22950011,-0.54448813,-0.50902718,-0.24237242,-0.36211166,-0.35522917,-0.42264]","[0.1199149,0.09064474,0.07852621,0.06159012,0.06315205,0.0558357,0.05422808,0.05486337,0.04767505,0.04808377,0.03944969,0.03576803,0.04133131,0.03016349,0.03125231,0.04080269,0.03619818,0.03644817,0.03407215]"
final_eval,val,last,,63,device-00000469,2026-05-05 21:48:53,微信,[5],1,WPS,0,WPS,0,0.08571474,1,"[""WPS"",""华为浏览器"",""华为音乐""]","[0,1,4]","[0.08571474,0.08265866,0.06150256]","[0.44846028,0.41215512,0.11651426]","[0.44846028,0.41215512,0.09868817,0.03281443,0.11651426,-0.02869501,0.0948637,0.06621234,-0.1815924,0.01174656,-0.2216123,-0.16876906,-0.24092408,-0.27406815,-0.33071974,-0.17459321,-0.26061139,-0.32061225,-0.35657457]","[0.08571474,0.08265866,0.06041592,0.05656435,0.06150256,0.05318995,0.06018531,0.05848538,0.04564856,0.05538512,0.04385778,0.0462377,0.04301893,0.04161648,0.03932438,0.04596918,0.04218029,0.03972387,0.03832069]"
final_eval,val,last,,64,device-00000469,2026-05-05 21:49:08,微信|WPS,"[5,2]",2,微信,3,华为浏览器,1,0.12048184,4,"[""华为浏览器"",""WPS"",""备忘录""]","[1,0,2]","[0.12048184,0.10097448,0.08709082]","[0.78687871,0.61024743,0.46233112]","[0.61024743,0.78687871,0.46233112,0.2071941,0.10339975,-0.16796178,0.06244222,-0.07973612,-0.43187428,-0.08814775,-0.3420493,-0.27041814,-0.32908666,-0.60548443,-0.58961117,-0.31250265,-0.4703162,-0.42272687,-0.57307899]","[0.10097448,0.12048184,0.08709082,0.06747887,0.06082617,0.04637027,0.05838521,0.05064721,0.03561426,0.05022297,0.03896139,0.04185462,0.03946972,0.02993822,0.03041723,0.04012974,0.03427116,0.03594153,0.03092427]"
final_eval,val,last,,65,device-00000469,2026-05-05 21:49:13,微信|WPS|微信,"[5,2,5]",3,WPS,0,WPS,0,0.1275904,1,"[""WPS"",""华为浏览器"",""备忘录""]","[0,1,2]","[0.1275904,0.12523359,0.07755837]","[0.86047661,0.84183222,0.36268222]","[0.86047661,0.84183222,0.36268222,0.15680331,0.08219119,-0.13968077,0.08965087,-0.06354059,-0.39454252,-0.0863472,-0.42299935,-0.28099248,-0.34327769,-0.5562312,-0.6374948,-0.42412817,-0.50977588,-0.47366008,-0.57905471]","[0.1275904,0.12523359,0.07755837,0.0631272,0.05858857,0.0469305,0.05902726,0.05064335,0.03637224,0.04950142,0.03535179,0.04074594,0.03828548,0.03094209,0.02852708,0.03531191,0.03241342,0.03360546,0.03024388]"
final_eval,val,last,,66,device-00000508,2026-05-03 00:13:54,剪映,[12],1,备忘录,2,哔哩哔哩,7,0.07159819,4,"[""哔哩哔哩"",""WPS"",""抖音""]","[7,0,6]","[0.07159819,0.06708288,0.05989622]","[0.27229783,0.20715699,0.09384151]","[0.20715699,-0.08862891,0.06548807,0.04052987,-0.09314721,0.06237307,0.09384151,0.27229783,-0.20737019,-0.04579804,-0.09467184,0.00611129,-0.3045156,-0.18068199,-0.22207597,-0.02626714,-0.00525284,-0.20025352,-0.15922168]","[0.06708288,0.04990609,0.05822181,0.05678668,0.0496811,0.05804073,0.05989622,0.07159819,0.04431848,0.05209005,0.04960542,0.05486542,0.04021565,0.04551719,0.04367151,0.05311741,0.05424545,0.04463501,0.04650456]"
final_eval,val,last,,67,device-00000508,2026-05-03 00:14:10,剪映|备忘录,"[12,4]",2,剪映,12,WPS,0,0.0931424,19,"[""WPS"",""备忘录"",""哔哩哔哩""]","[0,2,7]","[0.0931424,0.06379097,0.06282014]","[0.53909665,0.16057873,0.14524294]","[0.53909665,0.13458639,0.16057873,0.00559958,0.02547288,0.04876006,0.0543848,0.14524294,-0.06829925,0.02074679,-0.13589285,-0.26194099,-0.35185319,-0.34433869,-0.29512206,-0.04487027,-0.22316961,-0.19132958,-0.29487589]","[0.0931424,0.06215425,0.06379097,0.05463269,0.05572928,0.05704229,0.05736404,0.06282014,0.05074097,0.05546652,0.04742455,0.04180817,0.03821314,0.03850138,0.04044369,0.05194381,0.04346097,0.04486703,0.04045365]"
final_eval,val,last,,68,device-00000508,2026-05-03 00:14:10,剪映|备忘录|剪映,"[12,4,12]",3,备忘录,2,WPS,0,0.08691309,3,"[""WPS"",""哔哩哔哩"",""备忘录""]","[0,7,2]","[0.08691309,0.07550193,0.06963778]","[0.4665426,0.32579213,0.24494109]","[0.4665426,0.0916758,0.24494109,0.03341249,-0.04012599,0.07982755,0.10016935,0.32579213,-0.27627143,-0.08527254,-0.14930095,-0.11629208,-0.40948486,-0.2837216,-0.34332824,-0.06650846,-0.19822709,-0.31169423,-0.265899]","[0.08691309,0.05974239,0.06963778,0.05636107,0.05236509,0.05903873,0.06025198,0.07550193,0.04135092,0.05005356,0.04694915,0.04852475,0.03619356,0.041044,0.03866899,0.05100163,0.0447074,0.03991179,0.04178206]"
final_eval,val,last,,69,device-00000508,2026-05-03 01:40:10,哔哩哔哩,[10],1,华为音乐,4,中望CAD,16,0.06170132,3,"[""中望CAD"",""WPS"",""华为音乐""]","[16,0,4]","[0.06170132,0.06125453,0.06096523]","[0.17013587,0.16286834,0.15813416]","[0.16286834,-0.06946307,0.03221462,0.04134975,0.15813416,0.05780338,0.01809486,0.14868805,-0.02365379,0.1130351,0.00750798,-0.12248217,0.02843578,-0.13768506,-0.19063416,0.05727087,0.17013587,-0.15145665,-0.22342873]","[0.06125453,0.04855545,0.05375218,0.05424546,0.06096523,0.05514538,0.05299854,0.06039206,0.05083147,0.05827683,0.05244041,0.04604814,0.05354944,0.04535337,0.04301441,0.05511602,0.06170132,0.04473306,0.04162666]"
final_eval,val,last,,70,device-00000508,2026-05-03 03:22:36,华为邮箱,[11],1,华为浏览器,1,抖音,6,0.06126747,7,"[""抖音"",""海泰浏览器"",""哔哩哔哩""]","[6,11,7]","[0.06126747,0.0603568,0.0572639]","[0.15634371,0.1413683,0.08876499]","[0.06504051,0.02116998,0.01955166,-0.05610375,-0.05253843,-0.02623208,0.15634371,0.08876499,-0.22099677,-0.0297109,0.00456042,0.1413683,-0.08394878,0.00039666,-0.0116505,0.02978157,0.02949294,-0.07606654,0.02093893]","[0.05592133,0.05352107,0.05343452,0.04954105,0.049718,0.05104325,0.06126747,0.0572639,0.04201004,0.05086599,0.05263945,0.0603568,0.04818061,0.05242072,0.05179299,0.05398396,0.05396838,0.04856188,0.0535087]"
final_eval,val,last,,71,device-00000516,2026-05-08 09:51:27,WPS,[2],1,日历,8,华为浏览器,1,0.09829451,16,"[""华为浏览器"",""WPS"",""备忘录""]","[1,0,2]","[0.09829451,0.08595993,0.08561739]","[0.57226902,0.43818206,0.43418935]","[0.43818206,0.57226902,0.43418935,0.23850346,-0.00260794,-0.18443407,-0.03422632,-0.14791572,-0.39595559,-0.10415498,-0.1312293,-0.17662209,-0.23388727,-0.51968086,-0.45018718,-0.30580646,-0.26028425,-0.24594435,-0.45404679]","[0.08595993,0.09829451,0.08561739,0.07040066,0.05531761,0.04612085,0.05359592,0.04783624,0.03732799,0.04997607,0.04864115,0.04648256,0.04389551,0.03298385,0.03535755,0.04084942,0.04275196,0.04336943,0.03522135]"
final_eval,val,last,,72,device-00000516,2026-05-08 09:51:32,WPS|日历,"[2,9]",2,WPS,0,WPS,0,0.11053529,1,"[""WPS"",""华为浏览器"",""备忘录""]","[0,1,2]","[0.11053529,0.09474389,0.08004826]","[0.71269828,0.55854088,0.38999325]","[0.71269828,0.55854088,0.38999325,0.21822435,-0.00822061,-0.04837212,-0.09369233,-0.12449648,-0.36791408,-0.14474627,-0.12252712,-0.19364211,-0.2328524,-0.4575052,-0.46936339,-0.36493385,-0.27510795,-0.26428649,-0.40587321]","[0.11053529,0.09474389,0.08004826,0.06741455,0.05375388,0.05163834,0.04935032,0.0478533,0.03751431,0.04689403,0.04794763,0.04465626,0.04293916,0.03429952,0.03389519,0.03762627,0.04116254,0.0416104,0.03611699]"
final_eval,val,last,,73,device-00000516,2026-05-08 09:51:38,WPS|日历|WPS,"[2,9,2]",3,日历,8,华为浏览器,1,0.12249843,16,"[""华为浏览器"",""WPS"",""备忘录""]","[1,0,2]","[0.12249843,0.11437538,0.10528633]","[0.83262032,0.76400799,0.68120563]","[0.76400799,0.83262032,0.68120563,0.32897249,0.03107312,-0.15943095,-0.0582401,-0.22817585,-0.52218521,-0.19962242,-0.1923117,-0.26809675,-0.32102454,-0.71879232,-0.63244212,-0.45855218,-0.39693233,-0.30206925,-0.60754734]","[0.11437538,0.12249843,0.10528633,0.07402852,0.054957,0.04542429,0.05026142,0.04240652,0.03160429,0.04363482,0.04395499,0.04074696,0.03864639,0.02596334,0.02830493,0.03368073,0.0358214,0.03938593,0.02901841]"
final_eval,val,last,,74,device-00000516,2026-05-08 10:28:55,WPS|日历|WPS|日历,"[2,9,2,9]",4,WPS,0,WPS,0,0.13722657,1,"[""WPS"",""华为浏览器"",""备忘录""]","[0,1,2]","[0.13722657,0.1056753,0.09122591]","[0.95002276,0.68876058,0.54172838]","[0.95002276,0.68876058,0.54172838,0.25983992,-0.03380144,-0.03604551,-0.11911372,-0.19149992,-0.49096096,-0.19917899,-0.1939611,-0.21568257,-0.29560685,-0.58741987,-0.57954645,-0.4712303,-0.36170611,-0.27595508,-0.50272322]","[0.13722657,0.1056753,0.09122591,0.06881698,0.05130608,0.05119107,0.04711055,0.04382089,0.03248081,0.04348568,0.04371317,0.04277389,0.03948827,0.02949411,0.02972725,0.03312805,0.03696252,0.04027196,0.03210101]"
final_eval,val,last,,75,device-00000516,2026-05-11 18:09:56,华为浏览器,[3],1,海泰浏览器,11,WPS,0,0.0809985,13,"[""WPS"",""微信"",""华为浏览器""]","[0,3,1]","[0.0809985,0.06947647,0.06564708]","[0.40398413,0.25054166,0.19384673]","[0.40398413,0.19384673,0.02805375,0.25054166,-0.01133633,-0.07104757,0.04564459,0.11761377,-0.06556895,-0.02245101,-0.20272967,-0.12861072,-0.27762192,-0.2018494,-0.26994151,-0.07231759,-0.12073218,-0.21187642,-0.22190216]","[0.0809985,0.06564708,0.05561763,0.06947647,0.05346943,0.05037016,0.05660464,0.06082861,0.05064688,0.05287843,0.04415547,0.04755256,0.04096936,0.04419435,0.04128524,0.05030623,0.04792869,0.04375343,0.04331696]"
final_eval,val,last,,76,device-00000516,2026-05-11 18:54:01,华为浏览器|海泰浏览器,"[3,13]",2,小红书,10,WPS,0,0.07018587,17,"[""WPS"",""微信"",""抖音""]","[0,3,6]","[0.07018587,0.06503436,0.06122546]","[0.24329413,0.16706289,0.10671014]","[0.24329413,0.04405542,0.06809455,0.16706289,0.02679607,0.01673495,0.10671014,0.09842227,-0.09527286,-0.07641003,-0.23667008,-0.08925615,-0.1628609,-0.20126051,-0.25592104,-0.08331314,-0.16300032,-0.21274385,-0.24786548]","[0.07018587,0.05750709,0.05890626,0.06503436,0.05652307,0.05595724,0.06122546,0.06072012,0.05002786,0.05098048,0.0434314,0.05032977,0.04675831,0.04499685,0.0426033,0.05062977,0.04675179,0.04448309,0.04294788]"
final_eval,val,last,,77,device-00000549,2026-05-07 18:49:44,华为浏览器,[3],1,哔哩哔哩,7,WPS,0,0.0809985,4,"[""WPS"",""微信"",""华为浏览器""]","[0,3,1]","[0.0809985,0.06947647,0.06564708]","[0.40398413,0.25054166,0.19384673]","[0.40398413,0.19384673,0.02805375,0.25054166,-0.01133633,-0.07104757,0.04564459,0.11761377,-0.06556895,-0.02245101,-0.20272967,-0.12861072,-0.27762192,-0.2018494,-0.26994151,-0.07231759,-0.12073218,-0.21187642,-0.22190216]","[0.0809985,0.06564708,0.05561763,0.06947647,0.05346943,0.05037016,0.05660464,0.06082861,0.05064688,0.05287843,0.04415547,0.04755256,0.04096936,0.04419435,0.04128524,0.05030623,0.04792869,0.04375343,0.04331696]"
final_eval,val,last,,78,device-00000549,2026-05-11 13:36:36,小红书,[14],1,WPS,0,哔哩哔哩,7,0.06432129,2,"[""哔哩哔哩"",""WPS"",""华为邮箱""]","[7,0,9]","[0.06432129,0.06377723,0.06236688]","[0.17651232,0.16801785,0.1456559]","[0.16801785,-0.18998936,-0.0703953,0.0208609,-0.05961819,0.07685486,0.04695208,0.17651232,0.032841,0.1456559,-0.0061837,-0.1425973,-0.13067964,-0.02368091,-0.29834348,-0.03693882,0.0637308,-0.14015351,-0.25349635]","[0.06377723,0.04458462,0.05024862,0.05504986,0.05079309,0.05822026,0.05650508,0.06432129,0.05571333,0.06236688,0.05358101,0.04674846,0.04730892,0.05265165,0.04000622,0.0519582,0.05746116,0.04686283,0.04184122]"
final_eval,val,last,,79,device-00000564,2026-05-07 16:25:15,备忘录,[4],1,微信,3,WPS,0,0.08971044,7,"[""WPS"",""华为浏览器"",""备忘录""]","[0,1,2]","[0.08971044,0.07165939,0.06338761]","[0.51290429,0.28824121,0.16558544]","[0.51290429,0.28824121,0.16558544,0.02131892,0.06147591,-0.05240984,-0.01121944,0.0800637,-0.06990828,0.08606992,-0.11832032,-0.28630191,-0.21485159,-0.2854811,-0.27742651,0.00930883,-0.26796556,-0.20078778,-0.27927306]","[0.08971044,0.07165939,0.06338761,0.05487193,0.05712026,0.05097183,0.05311522,0.05819193,0.05008766,0.05854249,0.04772057,0.04034151,0.0433294,0.04037464,0.04070115,0.05421685,0.04108805,0.04394308,0.04062606]"
final_eval,val,last,,80,device-00000564,2026-05-13 09:47:11,WPS,[2],1,哔哩哔哩,7,华为浏览器,1,0.09829451,9,"[""华为浏览器"",""WPS"",""备忘录""]","[1,0,2]","[0.09829451,0.08595993,0.08561739]","[0.57226902,0.43818206,0.43418935]","[0.43818206,0.57226902,0.43418935,0.23850346,-0.00260794,-0.18443407,-0.03422632,-0.14791572,-0.39595559,-0.10415498,-0.1312293,-0.17662209,-0.23388727,-0.51968086,-0.45018718,-0.30580646,-0.26028425,-0.24594435,-0.45404679]","[0.08595993,0.09829451,0.08561739,0.07040066,0.05531761,0.04612085,0.05359592,0.04783624,0.03732799,0.04997607,0.04864115,0.04648256,0.04389551,0.03298385,0.03535755,0.04084942,0.04275196,0.04336943,0.03522135]"
final_eval,val,last,,81,device-00000564,2026-05-13 09:47:16,WPS|哔哩哔哩,"[2,10]",2,WPS,0,WPS,0,0.09299794,1,"[""WPS"",""华为浏览器"",""备忘录""]","[0,1,2]","[0.09299794,0.07939287,0.07082124]","[0.53517634,0.37700751,0.26275796]","[0.53517634,0.37700751,0.26275796,0.17237392,0.05092099,-0.05821532,0.01392348,-0.05252582,-0.26118076,-0.11562245,-0.13602182,-0.22208294,-0.09146772,-0.3489216,-0.41932943,-0.25620621,-0.0775362,-0.25749969,-0.40352812]","[0.09299794,0.07939287,0.07082124,0.06470089,0.05730122,0.05137675,0.05521996,0.05166988,0.04193917,0.04851041,0.04753086,0.04361138,0.04969644,0.03841621,0.03580443,0.04214832,0.05039363,0.04209384,0.03637468]"
final_eval,val,last,,82,device-00000564,2026-05-14 09:42:47,哔哩哔哩,[10],1,WPS,0,中望CAD,16,0.06170132,2,"[""中望CAD"",""WPS"",""华为音乐""]","[16,0,4]","[0.06170132,0.06125453,0.06096523]","[0.17013587,0.16286834,0.15813416]","[0.16286834,-0.06946307,0.03221462,0.04134975,0.15813416,0.05780338,0.01809486,0.14868805,-0.02365379,0.1130351,0.00750798,-0.12248217,0.02843578,-0.13768506,-0.19063416,0.05727087,0.17013587,-0.15145665,-0.22342873]","[0.06125453,0.04855545,0.05375218,0.05424546,0.06096523,0.05514538,0.05299854,0.06039206,0.05083147,0.05827683,0.05244041,0.04604814,0.05354944,0.04535337,0.04301441,0.05511602,0.06170132,0.04473306,0.04162666]"
final_eval,val,last,,83,device-00000633,2026-05-02 20:20:25,WPS,[2],1,华为浏览器,1,华为浏览器,1,0.09829451,1,"[""华为浏览器"",""WPS"",""备忘录""]","[1,0,2]","[0.09829451,0.08595993,0.08561739]","[0.57226902,0.43818206,0.43418935]","[0.43818206,0.57226902,0.43418935,0.23850346,-0.00260794,-0.18443407,-0.03422632,-0.14791572,-0.39595559,-0.10415498,-0.1312293,-0.17662209,-0.23388727,-0.51968086,-0.45018718,-0.30580646,-0.26028425,-0.24594435,-0.45404679]","[0.08595993,0.09829451,0.08561739,0.07040066,0.05531761,0.04612085,0.05359592,0.04783624,0.03732799,0.04997607,0.04864115,0.04648256,0.04389551,0.03298385,0.03535755,0.04084942,0.04275196,0.04336943,0.03522135]"
final_eval,val,last,,84,device-00000705,2026-05-05 21:18:13,华为浏览器,[3],1,WPS,0,WPS,0,0.0809985,1,"[""WPS"",""微信"",""华为浏览器""]","[0,3,1]","[0.0809985,0.06947647,0.06564708]","[0.40398413,0.25054166,0.19384673]","[0.40398413,0.19384673,0.02805375,0.25054166,-0.01133633,-0.07104757,0.04564459,0.11761377,-0.06556895,-0.02245101,-0.20272967,-0.12861072,-0.27762192,-0.2018494,-0.26994151,-0.07231759,-0.12073218,-0.21187642,-0.22190216]","[0.0809985,0.06564708,0.05561763,0.06947647,0.05346943,0.05037016,0.05660464,0.06082861,0.05064688,0.05287843,0.04415547,0.04755256,0.04096936,0.04419435,0.04128524,0.05030623,0.04792869,0.04375343,0.04331696]"
final_eval,val,last,,85,device-00000713,2026-05-02 16:15:13,WPS,[2],1,华为浏览器,1,华为浏览器,1,0.09829451,1,"[""华为浏览器"",""WPS"",""备忘录""]","[1,0,2]","[0.09829451,0.08595993,0.08561739]","[0.57226902,0.43818206,0.43418935]","[0.43818206,0.57226902,0.43418935,0.23850346,-0.00260794,-0.18443407,-0.03422632,-0.14791572,-0.39595559,-0.10415498,-0.1312293,-0.17662209,-0.23388727,-0.51968086,-0.45018718,-0.30580646,-0.26028425,-0.24594435,-0.45404679]","[0.08595993,0.09829451,0.08561739,0.07040066,0.05531761,0.04612085,0.05359592,0.04783624,0.03732799,0.04997607,0.04864115,0.04648256,0.04389551,0.03298385,0.03535755,0.04084942,0.04275196,0.04336943,0.03522135]"
final_eval,val,last,,86,device-00000720,2026-05-01 10:55:02,华为浏览器,[3],1,剪映,12,WPS,0,0.0809985,19,"[""WPS"",""微信"",""华为浏览器""]","[0,3,1]","[0.0809985,0.06947647,0.06564708]","[0.40398413,0.25054166,0.19384673]","[0.40398413,0.19384673,0.02805375,0.25054166,-0.01133633,-0.07104757,0.04564459,0.11761377,-0.06556895,-0.02245101,-0.20272967,-0.12861072,-0.27762192,-0.2018494,-0.26994151,-0.07231759,-0.12073218,-0.21187642,-0.22190216]","[0.0809985,0.06564708,0.05561763,0.06947647,0.05346943,0.05037016,0.05660464,0.06082861,0.05064688,0.05287843,0.04415547,0.04755256,0.04096936,0.04419435,0.04128524,0.05030623,0.04792869,0.04375343,0.04331696]"
final_eval,val,last,,87,device-00000836,2026-05-15 14:41:50,微信,[5],1,日历,8,WPS,0,0.08571474,12,"[""WPS"",""华为浏览器"",""华为音乐""]","[0,1,4]","[0.08571474,0.08265866,0.06150256]","[0.44846028,0.41215512,0.11651426]","[0.44846028,0.41215512,0.09868817,0.03281443,0.11651426,-0.02869501,0.0948637,0.06621234,-0.1815924,0.01174656,-0.2216123,-0.16876906,-0.24092408,-0.27406815,-0.33071974,-0.17459321,-0.26061139,-0.32061225,-0.35657457]","[0.08571474,0.08265866,0.06041592,0.05656435,0.06150256,0.05318995,0.06018531,0.05848538,0.04564856,0.05538512,0.04385778,0.0462377,0.04301893,0.04161648,0.03932438,0.04596918,0.04218029,0.03972387,0.03832069]"
final_eval,val,last,,88,device-00000836,2026-05-15 14:46:54,微信|日历,"[5,9]",2,华为浏览器,1,WPS,0,0.09995154,2,"[""WPS"",""华为浏览器"",""备忘录""]","[0,1,2]","[0.09995154,0.08747146,0.06493615]","[0.6079973,0.47462443,0.17671625]","[0.6079973,0.47462443,0.17671625,0.07060667,0.11572228,0.04178609,0.02411775,0.06884296,-0.24068722,-0.04644413,-0.23605794,-0.24511296,-0.24890749,-0.33502722,-0.41750526,-0.18701901,-0.34540153,-0.3594704,-0.35293153]","[0.09995154,0.08747146,0.06493615,0.05839877,0.0610938,0.0567397,0.05574602,0.05829586,0.04277701,0.05194804,0.0429755,0.04258811,0.04242682,0.03892594,0.03584424,0.0451355,0.0385242,0.037986,0.0382352]"
final_eval,val,last,,89,device-00000836,2026-05-15 15:01:49,微信|日历|华为浏览器,"[5,9,3]",3,WPS,0,WPS,0,0.11733761,1,"[""WPS"",""华为浏览器"",""微信""]","[0,1,3]","[0.11733761,0.09086011,0.0719676]","[0.77880627,0.523072,0.28996709]","[0.77880627,0.523072,0.15563427,0.28996709,0.04168908,-0.02224834,0.07127643,0.05072761,-0.20986864,-0.16727045,-0.30372807,-0.33249199,-0.31128913,-0.41333243,-0.42350036,-0.19124898,-0.37468669,-0.36965361,-0.3755073]","[0.11733761,0.09086011,0.06292121,0.0719676,0.05614503,0.05266761,0.05783103,0.0566548,0.04365773,0.04555765,0.03974647,0.03861949,0.03944707,0.03562034,0.03525998,0.04447824,0.03702385,0.03721066,0.03699348]"
final_eval,test,last,,0,device-00000005,2026-05-06 10:50:36,备忘录,[4],1,日历,8,WPS,0,0.08971044,11,"[""WPS"",""华为浏览器"",""备忘录""]","[0,1,2]","[0.08971044,0.07165939,0.06338761]","[0.51290429,0.28824121,0.16558544]","[0.51290429,0.28824121,0.16558544,0.02131892,0.06147591,-0.05240984,-0.01121944,0.0800637,-0.06990828,0.08606992,-0.11832032,-0.28630191,-0.21485159,-0.2854811,-0.27742651,0.00930883,-0.26796556,-0.20078778,-0.27927306]","[0.08971044,0.07165939,0.06338761,0.05487193,0.05712026,0.05097183,0.05311522,0.05819193,0.05008766,0.05854249,0.04772057,0.04034151,0.0433294,0.04037464,0.04070115,0.05421685,0.04108805,0.04394308,0.04062606]"
final_eval,test,last,,1,device-00000005,2026-05-07 08:53:55,华为邮箱,[11],1,WPS,0,抖音,6,0.06126747,4,"[""抖音"",""海泰浏览器"",""哔哩哔哩""]","[6,11,7]","[0.06126747,0.0603568,0.0572639]","[0.15634371,0.1413683,0.08876499]","[0.06504051,0.02116998,0.01955166,-0.05610375,-0.05253843,-0.02623208,0.15634371,0.08876499,-0.22099677,-0.0297109,0.00456042,0.1413683,-0.08394878,0.00039666,-0.0116505,0.02978157,0.02949294,-0.07606654,0.02093893]","[0.05592133,0.05352107,0.05343452,0.04954105,0.049718,0.05104325,0.06126747,0.0572639,0.04201004,0.05086599,0.05263945,0.0603568,0.04818061,0.05242072,0.05179299,0.05398396,0.05396838,0.04856188,0.0535087]"
final_eval,test,last,,2,device-00000011,2026-05-01 19:46:04,华为音乐,[6],1,华为邮箱,9,WPS,0,0.06760579,7,"[""WPS"",""华为视频"",""哔哩哔哩""]","[0,5,7]","[0.06760579,0.06420808,0.05801192]","[0.238914,0.18734938,0.08586904]","[0.238914,0.05297065,0.02051903,0.00647135,0.0255587,0.18734938,0.01990644,0.08586904,-0.09646695,0.0306989,0.03073226,-0.14133199,-0.07435831,-0.10631856,-0.17755884,-0.13306344,0.05319493,-0.14382206,-0.23478298]","[0.06760579,0.05613448,0.05434207,0.05358402,0.05461662,0.06420808,0.05430879,0.05801192,0.04834257,0.05489808,0.05489992,0.04622162,0.04942327,0.04786866,0.04457712,0.04660539,0.05614707,0.04610667,0.04209785]"
final_eval,test,last,,3,device-00000011,2026-05-02 14:55:21,华为视频,[7],1,抖音,6,WPS,0,0.06934109,4,"[""WPS"",""华为视频"",""哔哩哔哩""]","[0,5,7]","[0.06934109,0.06846151,0.06066411]","[0.29817939,0.28541347,0.1644941]","[0.29817939,0.04557058,-0.02868778,0.14289367,0.14310259,0.28541347,0.16163646,0.1644941,0.09409276,0.10849963,-0.07100647,-0.28519806,-0.10359421,-0.2001144,-0.1188909,-0.02399483,-0.03915326,-0.16259456,-0.2468778]","[0.06934109,0.05386219,0.05000737,0.05936779,0.0593802,0.06846151,0.060491,0.06066411,0.05654015,0.05736061,0.04793528,0.03869306,0.04639836,0.04212932,0.04569401,0.05024261,0.04948675,0.04374003,0.04020456]"
final_eval,test,last,,4,device-00000011,2026-05-02 15:54:09,华为视频|抖音,"[7,8]",2,华为浏览器,1,华为视频,5,0.08724874,8,"[""华为视频"",""WPS"",""哔哩哔哩""]","[5,0,7]","[0.08724874,0.06928258,0.06307164]","[0.52790922,0.29733968,0.20341736]","[0.29733968,0.0322842,-0.18047127,-0.00028449,0.13891304,0.52790922,0.18846342,0.20341736,0.12302565,0.10363354,-0.0462952,-0.27915263,-0.13705999,-0.06414302,-0.08575705,-0.19739427,-0.11565115,-0.24247211,-0.26746586]","[0.06928258,0.05315107,0.04296486,0.05144789,0.05913169,0.08724874,0.06213549,0.06307164,0.05819966,0.05708192,0.04913437,0.03892751,0.0448711,0.0482652,0.04723319,0.04224389,0.0458421,0.0403819,0.03938512]"
final_eval,test,last,,5,device-00000011,2026-05-02 17:24:48,悟空图像,[18],1,小红书,10,WPS,0,0.06634065,5,"[""WPS"",""哔哩哔哩"",""华为视频""]","[0,7,5]","[0.06634065,0.06026177,0.057376]","[0.20731568,0.11121077,0.06213896]","[0.20731568,0.0011968,0.01993858,0.00909345,-0.051334,0.06213896,-0.07849789,0.11121077,-0.24793184,-0.05725347,0.01347425,-0.06175681,-0.10680734,-0.09375628,-0.10328731,0.00522754,-0.0237225,-0.10042238,-0.04767392]","[0.06634065,0.05398379,0.05500509,0.05441177,0.05122118,0.057376,0.04984854,0.06026177,0.04207927,0.05091887,0.05465066,0.05069008,0.04845715,0.0490937,0.04862801,0.05420183,0.05265518,0.04876753,0.051409]"
final_eval,test,last,,6,device-00000039,2026-05-03 14:19:00,微信,[5],1,WPS,0,WPS,0,0.08571474,1,"[""WPS"",""华为浏览器"",""华为音乐""]","[0,1,4]","[0.08571474,0.08265866,0.06150256]","[0.44846028,0.41215512,0.11651426]","[0.44846028,0.41215512,0.09868817,0.03281443,0.11651426,-0.02869501,0.0948637,0.06621234,-0.1815924,0.01174656,-0.2216123,-0.16876906,-0.24092408,-0.27406815,-0.33071974,-0.17459321,-0.26061139,-0.32061225,-0.35657457]","[0.08571474,0.08265866,0.06041592,0.05656435,0.06150256,0.05318995,0.06018531,0.05848538,0.04564856,0.05538512,0.04385778,0.0462377,0.04301893,0.04161648,0.03932438,0.04596918,0.04218029,0.03972387,0.03832069]"
final_eval,test,last,,7,device-00000039,2026-05-03 15:48:18,哔哩哔哩,[10],1,备忘录,2,中望CAD,16,0.06170132,9,"[""中望CAD"",""WPS"",""华为音乐""]","[16,0,4]","[0.06170132,0.06125453,0.06096523]","[0.17013587,0.16286834,0.15813416]","[0.16286834,-0.06946307,0.03221462,0.04134975,0.15813416,0.05780338,0.01809486,0.14868805,-0.02365379,0.1130351,0.00750798,-0.12248217,0.02843578,-0.13768506,-0.19063416,0.05727087,0.17013587,-0.15145665,-0.22342873]","[0.06125453,0.04855545,0.05375218,0.05424546,0.06096523,0.05514538,0.05299854,0.06039206,0.05083147,0.05827683,0.05244041,0.04604814,0.05354944,0.04535337,0.04301441,0.05511602,0.06170132,0.04473306,0.04162666]"
final_eval,test,last,,8,device-00000057,2026-05-06 12:19:35,备忘录,[4],1,华为浏览器,1,WPS,0,0.08971044,2,"[""WPS"",""华为浏览器"",""备忘录""]","[0,1,2]","[0.08971044,0.07165939,0.06338761]","[0.51290429,0.28824121,0.16558544]","[0.51290429,0.28824121,0.16558544,0.02131892,0.06147591,-0.05240984,-0.01121944,0.0800637,-0.06990828,0.08606992,-0.11832032,-0.28630191,-0.21485159,-0.2854811,-0.27742651,0.00930883,-0.26796556,-0.20078778,-0.27927306]","[0.08971044,0.07165939,0.06338761,0.05487193,0.05712026,0.05097183,0.05311522,0.05819193,0.05008766,0.05854249,0.04772057,0.04034151,0.0433294,0.04037464,0.04070115,0.05421685,0.04108805,0.04394308,0.04062606]"
final_eval,test,last,,9,device-00000057,2026-05-06 14:34:12,华为音乐,[6],1,海泰浏览器,11,WPS,0,0.06760579,16,"[""WPS"",""华为视频"",""哔哩哔哩""]","[0,5,7]","[0.06760579,0.06420808,0.05801192]","[0.238914,0.18734938,0.08586904]","[0.238914,0.05297065,0.02051903,0.00647135,0.0255587,0.18734938,0.01990644,0.08586904,-0.09646695,0.0306989,0.03073226,-0.14133199,-0.07435831,-0.10631856,-0.17755884,-0.13306344,0.05319493,-0.14382206,-0.23478298]","[0.06760579,0.05613448,0.05434207,0.05358402,0.05461662,0.06420808,0.05430879,0.05801192,0.04834257,0.05489808,0.05489992,0.04622162,0.04942327,0.04786866,0.04457712,0.04660539,0.05614707,0.04610667,0.04209785]"
final_eval,test,last,,10,device-00000057,2026-05-06 14:42:44,华为音乐|海泰浏览器,"[6,13]",2,微信,3,华为视频,5,0.06775114,4,"[""华为视频"",""WPS"",""抖音""]","[5,0,6]","[0.06775114,0.0640214,0.05966964]","[0.22562356,0.16899973,0.09860569]","[0.16899973,-0.0620954,0.04162825,0.08823738,0.03226898,0.22562356,0.09860569,0.0807206,-0.10759823,-0.06230088,-0.0131879,-0.18389782,-0.01436617,-0.13803782,-0.20128745,-0.12759633,-0.00397859,-0.22398707,-0.2785635]","[0.0640214,0.05081148,0.05636486,0.05905417,0.05583979,0.06775114,0.05966964,0.05861193,0.04855123,0.05080104,0.05335831,0.04498459,0.05329548,0.04709562,0.04420908,0.04758994,0.05385198,0.04321686,0.04092144]"
final_eval,test,last,,11,device-00000057,2026-05-06 20:27:44,WPS,[2],1,日历,8,华为浏览器,1,0.09829451,16,"[""华为浏览器"",""WPS"",""备忘录""]","[1,0,2]","[0.09829451,0.08595993,0.08561739]","[0.57226902,0.43818206,0.43418935]","[0.43818206,0.57226902,0.43418935,0.23850346,-0.00260794,-0.18443407,-0.03422632,-0.14791572,-0.39595559,-0.10415498,-0.1312293,-0.17662209,-0.23388727,-0.51968086,-0.45018718,-0.30580646,-0.26028425,-0.24594435,-0.45404679]","[0.08595993,0.09829451,0.08561739,0.07040066,0.05531761,0.04612085,0.05359592,0.04783624,0.03732799,0.04997607,0.04864115,0.04648256,0.04389551,0.03298385,0.03535755,0.04084942,0.04275196,0.04336943,0.03522135]"
final_eval,test,last,,12,device-00000057,2026-05-06 21:10:26,WPS|日历,"[2,9]",2,华为邮箱,9,WPS,0,0.11053529,10,"[""WPS"",""华为浏览器"",""备忘录""]","[0,1,2]","[0.11053529,0.09474389,0.08004826]","[0.71269828,0.55854088,0.38999325]","[0.71269828,0.55854088,0.38999325,0.21822435,-0.00822061,-0.04837212,-0.09369233,-0.12449648,-0.36791408,-0.14474627,-0.12252712,-0.19364211,-0.2328524,-0.4575052,-0.46936339,-0.36493385,-0.27510795,-0.26428649,-0.40587321]","[0.11053529,0.09474389,0.08004826,0.06741455,0.05375388,0.05163834,0.04935032,0.0478533,0.03751431,0.04689403,0.04794763,0.04465626,0.04293916,0.03429952,0.03389519,0.03762627,0.04116254,0.0416104,0.03611699]"
final_eval,test,last,,13,device-00000057,2026-05-06 21:15:08,日历|华为邮箱,"[9,11]",2,哔哩哔哩,7,WPS,0,0.06428478,5,"[""WPS"",""华为浏览器"",""备忘录""]","[0,1,2]","[0.06428478,0.06195388,0.0607524]","[0.19520313,0.15827049,0.13868691]","[0.19520313,0.15827049,0.13868691,0.01734124,0.06340671,-0.00868753,0.05537803,0.06097806,-0.15274286,-0.14640737,0.02269738,-0.03576486,-0.10470022,-0.10795155,-0.12360857,-0.01460457,-0.0122303,-0.12903158,-0.06745945]","[0.06428478,0.06195388,0.0607524,0.05381009,0.05634686,0.05242755,0.05589628,0.05621018,0.04539386,0.04568237,0.05409908,0.051027,0.04762794,0.04747334,0.04673583,0.05211825,0.05224214,0.04648307,0.04943508]"
final_eval,test,last,,14,device-00000057,2026-05-09 15:11:56,WPS,[2],1,抖音,6,华为浏览器,1,0.09829451,6,"[""华为浏览器"",""WPS"",""备忘录""]","[1,0,2]","[0.09829451,0.08595993,0.08561739]","[0.57226902,0.43818206,0.43418935]","[0.43818206,0.57226902,0.43418935,0.23850346,-0.00260794,-0.18443407,-0.03422632,-0.14791572,-0.39595559,-0.10415498,-0.1312293,-0.17662209,-0.23388727,-0.51968086,-0.45018718,-0.30580646,-0.26028425,-0.24594435,-0.45404679]","[0.08595993,0.09829451,0.08561739,0.07040066,0.05531761,0.04612085,0.05359592,0.04783624,0.03732799,0.04997607,0.04864115,0.04648256,0.04389551,0.03298385,0.03535755,0.04084942,0.04275196,0.04336943,0.03522135]"
final_eval,test,last,,15,device-00000060,2026-05-03 20:47:07,抖音,[8],1,哔哩哔哩,7,华为视频,5,0.06638682,2,"[""华为视频"",""哔哩哔哩"",""WPS""]","[5,7,0]","[0.06638682,0.0638495,0.0610066]","[0.2217771,0.18280734,0.13726062]","[0.13726062,0.0314508,-0.20174867,-0.12062489,-0.00855645,0.2217771,0.0794245,0.18280734,0.10505957,0.11407757,0.01702792,-0.17092037,-0.10159802,0.03488373,-0.00179338,-0.1527957,-0.09104487,-0.27517071,-0.17666665]","[0.0610066,0.05488128,0.04346573,0.04713881,0.05272897,0.06638682,0.05757831,0.0638495,0.05907341,0.05960855,0.05409541,0.04482657,0.04804429,0.05507,0.05308679,0.04564645,0.048554,0.04038873,0.04456972]"
final_eval,test,last,,16,device-00000060,2026-05-03 20:49:24,抖音|哔哩哔哩,"[8,10]",2,抖音,6,哔哩哔哩,7,0.06780004,5,"[""哔哩哔哩"",""华为视频"",""WPS""]","[7,5,0]","[0.06780004,0.06716692,0.06235296]","[0.25667155,0.24728969,0.17291999]","[0.17291999,-0.04895525,-0.10535601,-0.05269609,0.12809145,0.24728969,0.08956522,0.25667155,0.07984845,0.05192585,-0.04164976,-0.24541059,-0.02790321,-0.04657295,-0.06262459,-0.03967255,0.04933906,-0.2801418,-0.27397168]","[0.06235296,0.04994568,0.04720667,0.04975919,0.0596195,0.06716692,0.05736626,0.06780004,0.05681155,0.05524717,0.05031189,0.04103727,0.05100828,0.0500648,0.0492676,0.05041147,0.05510444,0.03963646,0.03988178]"
final_eval,test,last,,17,device-00000060,2026-05-04 11:40:13,华为视频,[7],1,抖音,6,WPS,0,0.06934109,4,"[""WPS"",""华为视频"",""哔哩哔哩""]","[0,5,7]","[0.06934109,0.06846151,0.06066411]","[0.29817939,0.28541347,0.1644941]","[0.29817939,0.04557058,-0.02868778,0.14289367,0.14310259,0.28541347,0.16163646,0.1644941,0.09409276,0.10849963,-0.07100647,-0.28519806,-0.10359421,-0.2001144,-0.1188909,-0.02399483,-0.03915326,-0.16259456,-0.2468778]","[0.06934109,0.05386219,0.05000737,0.05936779,0.0593802,0.06846151,0.060491,0.06066411,0.05654015,0.05736061,0.04793528,0.03869306,0.04639836,0.04212932,0.04569401,0.05024261,0.04948675,0.04374003,0.04020456]"
final_eval,test,last,,18,device-00000060,2026-05-04 11:40:26,华为视频|抖音,"[7,8]",2,华为视频,5,华为视频,5,0.08724874,1,"[""华为视频"",""WPS"",""哔哩哔哩""]","[5,0,7]","[0.08724874,0.06928258,0.06307164]","[0.52790922,0.29733968,0.20341736]","[0.29733968,0.0322842,-0.18047127,-0.00028449,0.13891304,0.52790922,0.18846342,0.20341736,0.12302565,0.10363354,-0.0462952,-0.27915263,-0.13705999,-0.06414302,-0.08575705,-0.19739427,-0.11565115,-0.24247211,-0.26746586]","[0.06928258,0.05315107,0.04296486,0.05144789,0.05913169,0.08724874,0.06213549,0.06307164,0.05819966,0.05708192,0.04913437,0.03892751,0.0448711,0.0482652,0.04723319,0.04224389,0.0458421,0.0403819,0.03938512]"
final_eval,test,last,,19,device-00000060,2026-05-04 21:43:10,华为邮箱,[11],1,备忘录,2,抖音,6,0.06126747,9,"[""抖音"",""海泰浏览器"",""哔哩哔哩""]","[6,11,7]","[0.06126747,0.0603568,0.0572639]","[0.15634371,0.1413683,0.08876499]","[0.06504051,0.02116998,0.01955166,-0.05610375,-0.05253843,-0.02623208,0.15634371,0.08876499,-0.22099677,-0.0297109,0.00456042,0.1413683,-0.08394878,0.00039666,-0.0116505,0.02978157,0.02949294,-0.07606654,0.02093893]","[0.05592133,0.05352107,0.05343452,0.04954105,0.049718,0.05104325,0.06126747,0.0572639,0.04201004,0.05086599,0.05263945,0.0603568,0.04818061,0.05242072,0.05179299,0.05398396,0.05396838,0.04856188,0.0535087]"
final_eval,test,last,,20,device-00000060,2026-05-04 22:28:09,华为邮箱|备忘录,"[11,4]",2,WPS,0,WPS,0,0.07999331,1,"[""WPS"",""华为浏览器"",""抖音""]","[0,1,6]","[0.07999331,0.06529143,0.05964782]","[0.41412765,0.2110455,0.12064233]","[0.41412765,0.2110455,0.10024235,-0.03549294,0.08212345,-0.04211981,0.12064233,0.06362893,-0.14327984,0.10173023,-0.08844376,-0.04729611,-0.17468543,-0.20284659,-0.22052068,-0.00061742,-0.23916565,-0.11018199,-0.13405924]","[0.07999331,0.06529143,0.05844334,0.05102534,0.05739395,0.05068832,0.05964782,0.05634223,0.04581152,0.05853035,0.04839379,0.05042662,0.04439514,0.04316236,0.0424062,0.05283627,0.04162287,0.04735315,0.04623588]"
final_eval,test,last,,21,device-00000060,2026-05-04 22:32:47,华为邮箱|备忘录|WPS,"[11,4,2]",3,小红书,10,华为浏览器,1,0.09016258,12,"[""华为浏览器"",""备忘录"",""WPS""]","[1,2,0]","[0.09016258,0.0870885,0.08640616]","[0.52265668,0.48796701,0.48010129]","[0.48010129,0.52265668,0.48796701,0.15528062,0.09589858,-0.1184033,0.09532682,-0.04239808,-0.38502029,0.01854584,-0.18776335,-0.08768258,-0.21821707,-0.48130035,-0.47799173,-0.10734237,-0.3821018,-0.21560836,-0.37799427]","[0.08640616,0.09016258,0.0870885,0.06244202,0.05884203,0.04749168,0.05880839,0.05124201,0.03637703,0.05446202,0.04430929,0.0489733,0.04298025,0.03303796,0.03314746,0.04801989,0.03648335,0.04309252,0.03663351]"
final_eval,test,last,,22,device-00000079,2026-05-01 18:19:49,华为浏览器,[3],1,华为音乐,4,WPS,0,0.0809985,7,"[""WPS"",""微信"",""华为浏览器""]","[0,3,1]","[0.0809985,0.06947647,0.06564708]","[0.40398413,0.25054166,0.19384673]","[0.40398413,0.19384673,0.02805375,0.25054166,-0.01133633,-0.07104757,0.04564459,0.11761377,-0.06556895,-0.02245101,-0.20272967,-0.12861072,-0.27762192,-0.2018494,-0.26994151,-0.07231759,-0.12073218,-0.21187642,-0.22190216]","[0.0809985,0.06564708,0.05561763,0.06947647,0.05346943,0.05037016,0.05660464,0.06082861,0.05064688,0.05287843,0.04415547,0.04755256,0.04096936,0.04419435,0.04128524,0.05030623,0.04792869,0.04375343,0.04331696]"
final_eval,test,last,,23,device-00000079,2026-05-01 23:16:26,微信,[5],1,WPS,0,WPS,0,0.08571474,1,"[""WPS"",""华为浏览器"",""华为音乐""]","[0,1,4]","[0.08571474,0.08265866,0.06150256]","[0.44846028,0.41215512,0.11651426]","[0.44846028,0.41215512,0.09868817,0.03281443,0.11651426,-0.02869501,0.0948637,0.06621234,-0.1815924,0.01174656,-0.2216123,-0.16876906,-0.24092408,-0.27406815,-0.33071974,-0.17459321,-0.26061139,-0.32061225,-0.35657457]","[0.08571474,0.08265866,0.06041592,0.05656435,0.06150256,0.05318995,0.06018531,0.05848538,0.04564856,0.05538512,0.04385778,0.0462377,0.04301893,0.04161648,0.03932438,0.04596918,0.04218029,0.03972387,0.03832069]"
final_eval,test,last,,24,device-00000079,2026-05-16 00:08:29,备忘录,[4],1,WPS,0,WPS,0,0.08971044,1,"[""WPS"",""华为浏览器"",""备忘录""]","[0,1,2]","[0.08971044,0.07165939,0.06338761]","[0.51290429,0.28824121,0.16558544]","[0.51290429,0.28824121,0.16558544,0.02131892,0.06147591,-0.05240984,-0.01121944,0.0800637,-0.06990828,0.08606992,-0.11832032,-0.28630191,-0.21485159,-0.2854811,-0.27742651,0.00930883,-0.26796556,-0.20078778,-0.27927306]","[0.08971044,0.07165939,0.06338761,0.05487193,0.05712026,0.05097183,0.05311522,0.05819193,0.05008766,0.05854249,0.04772057,0.04034151,0.0433294,0.04037464,0.04070115,0.05421685,0.04108805,0.04394308,0.04062606]"
final_eval,test,last,,25,device-00000079,2026-05-16 00:08:34,备忘录|WPS,"[4,2]",2,备忘录,2,华为浏览器,1,0.10447381,3,"[""华为浏览器"",""WPS"",""备忘录""]","[1,0,2]","[0.10447381,0.10058796,0.10002085]","[0.66405255,0.62614864,0.62049472]","[0.62614864,0.66405255,0.62049472,0.21467236,0.06097429,-0.16459708,-0.04393486,-0.05534523,-0.37592739,-0.07717832,-0.23637421,-0.31894705,-0.28541842,-0.58163053,-0.53767997,-0.14870228,-0.41858,-0.30502886,-0.53187537]","[0.10058796,0.10447381,0.10002085,0.06665675,0.05716022,0.04561729,0.05146742,0.0508835,0.0369275,0.0497846,0.04245776,0.03909275,0.04042569,0.03006174,0.03141244,0.04634816,0.03538556,0.03964065,0.0315953]"
final_eval,test,last,,26,device-00000079,2026-05-16 00:08:34,备忘录|WPS|备忘录,"[4,2,4]",3,WPS,0,WPS,0,0.13772266,1,"[""WPS"",""华为浏览器"",""备忘录""]","[0,1,2]","[0.13772266,0.0958465,0.08679844]","[0.95223796,0.58974403,0.49058461]","[0.95223796,0.58974403,0.49058461,0.10912317,0.03715394,-0.14702137,-0.06860523,-0.06488437,-0.20631468,-0.01487184,-0.30400878,-0.408216,-0.35570908,-0.56255352,-0.54929382,-0.1589638,-0.44524127,-0.26304519,-0.52843177]","[0.13772266,0.0958465,0.08679844,0.05927141,0.05515558,0.04587786,0.04962024,0.04980521,0.04323668,0.05235943,0.03921248,0.03533196,0.0372367,0.03027888,0.03068304,0.04533322,0.0340477,0.04085212,0.03132988]"
final_eval,test,last,,27,device-00000079,2026-05-16 00:08:38,备忘录|WPS|备忘录|WPS,"[4,2,4,2]",4,备忘录,2,WPS,0,0.12748073,2,"[""WPS"",""备忘录"",""华为浏览器""]","[0,2,1]","[0.12748073,0.1220926,0.11676744]","[0.89462346,0.85143799,0.80684251]","[0.89462346,0.80684251,0.85143799,0.24831891,0.04087936,-0.18403032,-0.08547797,-0.10859893,-0.47539088,-0.15281007,-0.33742231,-0.39045188,-0.3615067,-0.72122967,-0.683716,-0.20408128,-0.5094654,-0.34229946,-0.68243194]","[0.12748073,0.11676744,0.1220926,0.06679717,0.05428354,0.0433502,0.04784008,0.04674666,0.03239328,0.04472496,0.03718552,0.03526496,0.03630063,0.02533311,0.02630149,0.04248965,0.03130808,0.0370046,0.02633529]"
final_eval,test,last,,28,device-00000079,2026-05-16 00:08:38,备忘录|WPS|备忘录|WPS|备忘录,"[4,2,4,2,4]",5,WPS,0,WPS,0,0.16209696,1,"[""WPS"",""华为浏览器"",""备忘录""]","[0,1,2]","[0.16209696,0.10109072,0.09567282]","[1.13237774,0.66020137,0.60511726]","[1.13237774,0.66020137,0.60511726,0.13268961,0.00419313,-0.17144305,-0.09673239,-0.10567866,-0.26647183,-0.05548405,-0.3748087,-0.4416213,-0.41218257,-0.65139651,-0.63363814,-0.21424146,-0.49087259,-0.27042225,-0.61935812]","[0.16209696,0.10109072,0.09567282,0.05965074,0.05245786,0.04400811,0.04742192,0.04699956,0.04001863,0.0494189,0.03590973,0.0335889,0.03459241,0.02723275,0.02772068,0.04216436,0.03197468,0.03986086,0.02811937]"
final_eval,test,last,,29,device-00000079,2026-05-16 00:08:42,备忘录|WPS|备忘录|WPS|备忘录|WPS,"[4,2,4,2,4,2]",6,备忘录,2,WPS,0,0.1405282,2,"[""WPS"",""备忘录"",""华为浏览器""]","[0,2,1]","[0.1405282,0.13011535,0.11828735]","[1.00699973,0.93001288,0.83470839]","[1.00699973,0.83470839,0.93001288,0.25590605,0.02297978,-0.18102798,-0.10469988,-0.1232265,-0.5153029,-0.18348786,-0.37594247,-0.41795754,-0.39425743,-0.7668342,-0.72923094,-0.218807,-0.53304821,-0.34874237,-0.73884946]","[0.1405282,0.11828735,0.13011535,0.06630826,0.0525302,0.04283607,0.04623369,0.04538501,0.0306645,0.04273082,0.03525002,0.03379967,0.03461029,0.02384499,0.02475872,0.04124795,0.03012515,0.03622198,0.02452172]"
final_eval,test,last,,30,device-00000079,2026-05-16 00:08:45,备忘录|WPS|备忘录|WPS|备忘录|WPS|备忘录,"[4,2,4,2,4,2,4]",7,WPS,0,WPS,0,0.17288324,1,"[""WPS"",""华为浏览器"",""备忘录""]","[0,1,2]","[0.17288324,0.10204893,0.09883668]","[1.20517623,0.67801219,0.64602858]","[1.20517623,0.67801219,0.64602858,0.14062935,-0.01335869,-0.17587806,-0.10915758,-0.11658525,-0.29172903,-0.07195991,-0.40219161,-0.45511383,-0.43617737,-0.68276167,-0.66142672,-0.23331976,-0.50638884,-0.27073377,-0.6542837]","[0.17288324,0.10204893,0.09883668,0.05962468,0.05111518,0.04344788,0.04644565,0.04610194,0.03869503,0.04820585,0.0346483,0.03286231,0.03349053,0.0261717,0.02673607,0.04102249,0.03121977,0.03951603,0.02692773]"
final_eval,test,last,,31,device-00000079,2026-05-16 00:09:01,备忘录|WPS|备忘录|WPS|备忘录|WPS|备忘录|WPS,"[4,2,4,2,4,2,4,2]",8,备忘录,2,WPS,0,0.14648078,2,"[""WPS"",""备忘录"",""华为浏览器""]","[0,2,1]","[0.14648078,0.13313083,0.11810857]","[1.05465186,0.95908999,0.83936191]","[1.05465186,0.83936191,0.95908999,0.25796473,0.0132862,-0.17617506,-0.11355536,-0.12660867,-0.53275013,-0.19597766,-0.39218235,-0.43050033,-0.40865046,-0.78364968,-0.74494517,-0.2229515,-0.5412429,-0.3499963,-0.76159811]","[0.14648078,0.11810857,0.13313083,0.06603647,0.05170366,0.04277986,0.04554437,0.04495373,0.02994889,0.04194104,0.03446899,0.03317319,0.033906,0.02330325,0.02422287,0.04082485,0.02969562,0.03595421,0.02382283]"
final_eval,test,last,,32,device-00000079,2026-05-16 00:09:52,备忘录|WPS|备忘录|WPS|备忘录|WPS|备忘录|WPS|备忘录,"[4,2,4,2,4,2,4,2,4]",9,WPS,0,WPS,0,0.17765956,1,"[""WPS"",""华为浏览器"",""备忘录""]","[0,1,2]","[0.17765956,0.10216814,0.10005505]","[1.23610687,0.68285763,0.66195828]","[1.23610687,0.68285763,0.66195828,0.14365172,-0.02226483,-0.17562035,-0.11503352,-0.11947671,-0.30275598,-0.07890811,-0.41380355,-0.46158057,-0.446769,-0.69503874,-0.67151982,-0.24051934,-0.5126105,-0.27019826,-0.66866964]","[0.17765956,0.10216814,0.10005505,0.0595856,0.05047597,0.04329954,0.04600402,0.04580007,0.03813019,0.04769632,0.03412256,0.03253062,0.03301603,0.02575744,0.02637041,0.04057869,0.03091223,0.03939205,0.02644567]"
final_eval,test,last,,33,device-00000079,2026-05-16 00:12:03,备忘录|WPS|备忘录|WPS|备忘录|WPS|备忘录|WPS|备忘录|WPS,"[4,2,4,2,4,2,4,2,4,2]",10,备忘录,2,WPS,0,0.14921099,2,"[""WPS"",""备忘录"",""华为浏览器""]","[0,2,1]","[0.14921099,0.13435283,0.11779776]","[1.07568836,0.97079641,0.83929628]","[1.07568836,0.83929628,0.97079641,0.25850022,0.0082636,-0.17259908,-0.11788969,-0.12707162,-0.54076213,-0.20124221,-0.39955378,-0.43671453,-0.4150629,-0.79042602,-0.75075793,-0.22417293,-0.54457027,-0.3500047,-0.7713843]","[0.14921099,0.11779776,0.13435283,0.06590229,0.05131261,0.04282294,0.04523103,0.04481762,0.02963366,0.04161376,0.03412804,0.03288309,0.03360282,0.02308648,0.02402068,0.04067038,0.02952103,0.03586164,0.0235303]"
final_eval,test,last,,34,device-00000079,2026-05-16 00:12:06,备忘录|WPS|备忘录|WPS|备忘录|WPS|备忘录|WPS|备忘录|WPS|备忘录,"[4,2,4,2,4,2,4,2,4,2,4]",11,WPS,0,WPS,0,0.17982578,1,"[""WPS"",""华为浏览器"",""备忘录""]","[0,1,2]","[0.17982578,0.10213757,0.10056376]","[1.24985254,0.68418455,0.66865599]","[1.24985254,0.68418455,0.66865599,0.14483461,-0.02681426,-0.17456706,-0.1179875,-0.12012363,-0.3077327,-0.08189129,-0.41904473,-0.46494344,-0.45156527,-0.70027101,-0.67543262,-0.24346846,-0.51533693,-0.26963747,-0.67493939]","[0.17982578,0.10213757,0.10056376,0.05955919,0.05016521,0.04327473,0.04579379,0.04569607,0.03787924,0.04747697,0.03388903,0.03236872,0.03280466,0.02558139,0.02622475,0.04039345,0.03077797,0.0393501,0.02623768]"
final_eval,test,last,,35,device-00000079,2026-05-16 00:12:10,备忘录|WPS|备忘录|WPS|备忘录|WPS|备忘录|WPS|备忘录|WPS|备忘录|WPS,"[4,2,4,2,4,2,4,2,4,2,4,2]",12,备忘录,2,WPS,0,0.15048479,2,"[""WPS"",""备忘录"",""华为浏览器""]","[0,2,1]","[0.15048479,0.13488275,0.11757518]","[1.08529615,0.97584009,0.83851212]","[1.08529615,0.83851212,0.97584009,0.25857005,0.00567757,-0.17030483,-0.12011953,-0.12684655,-0.54455775,-0.20350978,-0.40303561,-0.43995029,-0.41794026,-0.79335719,-0.7529918,-0.22452947,-0.54602891,-0.3497026,-0.77579832]","[0.15048479,0.11757518,0.13488275,0.06583397,0.05112346,0.04287381,0.04508034,0.0447781,0.02948873,0.04147356,0.03397178,0.03274059,0.0334692,0.02299343,0.02394056,0.04061089,0.02944538,0.03583279,0.02340074]"
final_eval,test,last,,36,device-00000079,2026-05-16 00:12:11,备忘录|WPS|备忘录|WPS|备忘录|WPS|备忘录|WPS|备忘录|WPS|备忘录|WPS|备忘录,"[4,2,4,2,4,2,4,2,4,2,4,2,4]",13,WPS,0,WPS,0,0.18083213,1,"[""WPS"",""华为浏览器"",""备忘录""]","[0,1,2]","[0.18083213,0.10209519,0.10079043]","[1.2561692,0.68450564,0.67164344]","[1.2561692,0.68450564,0.67164344,0.14527768,-0.02916035,-0.17364399,-0.11953471,-0.12014259,-0.31003889,-0.08317798,-0.42151171,-0.46676764,-0.45377409,-0.70264977,-0.67701823,-0.24475881,-0.51660877,-0.26920095,-0.6777882]","[0.18083213,0.10209519,0.10079043,0.05954174,0.05001083,0.04328283,0.04568935,0.04566158,0.03776418,0.04738104,0.03378065,0.03228595,0.0327082,0.02550183,0.02616393,0.04031167,0.03071623,0.03933832,0.02614379]"
final_eval,test,last,,37,device-00000079,2026-05-16 00:12:15,备忘录|WPS|备忘录|WPS|备忘录|WPS|备忘录|WPS|备忘录|WPS|备忘录|WPS|备忘录|WPS,"[4,2,4,2,4,2,4,2,4,2,4,2,4,2]",14,备忘录,2,WPS,0,0.15108953,2,"[""WPS"",""备忘录"",""华为浏览器""]","[0,2,1]","[0.15108953,0.13512571,0.11743817]","[1.0898,0.97813296,0.83783942]","[1.0898,0.83783942,0.97813296,0.25850704,0.00434612,-0.16890679,-0.12130283,-0.12653172,-0.54639894,-0.20450088,-0.4047254,-0.44169277,-0.41923553,-0.79469794,-0.75387138,-0.22461359,-0.54670084,-0.34939435,-0.77785969]","[0.15108953,0.11743817,0.13512571,0.06579735,0.05103026,0.04291261,0.04500483,0.04477011,0.02941997,0.04141204,0.0338977,0.03266747,0.03340939,0.0229513,0.02390772,0.04058746,0.02941109,0.03582616,0.02334103]"
final_eval,test,last,,38,device-00000079,2026-05-16 00:12:19,备忘录|WPS|备忘录|WPS|备忘录|WPS|备忘录|WPS|备忘录|WPS|备忘录|WPS|备忘录|WPS|备忘录,"[4,2,4,2,4,2,4,2,4,2,4,2,4,2,4]",15,WPS,0,WPS,0,0.18130961,1,"[""WPS"",""华为浏览器"",""备忘录""]","[0,1,2]","[0.18130961,0.10206453,0.10089681]","[1.25914598,0.6845451,0.67303813]","[1.25914598,0.6845451,0.67303813,0.1454228,-0.03038067,-0.17299834,-0.12036684,-0.12001722,-0.31113094,-0.08373331,-0.42271182,-0.46778074,-0.45480448,-0.70378441,-0.67768568,-0.24535033,-0.51723611,-0.26890445,-0.67912334]","[0.18130961,0.10206453,0.10089681,0.05953015,0.04993286,0.04329607,0.04563584,0.0456518,0.03771015,0.04733863,0.03372867,0.03224231,0.03266342,0.02546425,0.02613759,0.04027415,0.03068654,0.03933661,0.02610004]"
final_eval,test,last,,39,device-00000094,2026-05-04 23:17:35,剪映,[12],1,微信,3,哔哩哔哩,7,0.07159819,6,"[""哔哩哔哩"",""WPS"",""抖音""]","[7,0,6]","[0.07159819,0.06708288,0.05989622]","[0.27229783,0.20715699,0.09384151]","[0.20715699,-0.08862891,0.06548807,0.04052987,-0.09314721,0.06237307,0.09384151,0.27229783,-0.20737019,-0.04579804,-0.09467184,0.00611129,-0.3045156,-0.18068199,-0.22207597,-0.02626714,-0.00525284,-0.20025352,-0.15922168]","[0.06708288,0.04990609,0.05822181,0.05678668,0.0496811,0.05804073,0.05989622,0.07159819,0.04431848,0.05209005,0.04960542,0.05486542,0.04021565,0.04551719,0.04367151,0.05311741,0.05424545,0.04463501,0.04650456]"
final_eval,test,last,,40,device-00000094,2026-05-07 20:04:21,备忘录,[4],1,WPS,0,WPS,0,0.08971044,1,"[""WPS"",""华为浏览器"",""备忘录""]","[0,1,2]","[0.08971044,0.07165939,0.06338761]","[0.51290429,0.28824121,0.16558544]","[0.51290429,0.28824121,0.16558544,0.02131892,0.06147591,-0.05240984,-0.01121944,0.0800637,-0.06990828,0.08606992,-0.11832032,-0.28630191,-0.21485159,-0.2854811,-0.27742651,0.00930883,-0.26796556,-0.20078778,-0.27927306]","[0.08971044,0.07165939,0.06338761,0.05487193,0.05712026,0.05097183,0.05311522,0.05819193,0.05008766,0.05854249,0.04772057,0.04034151,0.0433294,0.04037464,0.04070115,0.05421685,0.04108805,0.04394308,0.04062606]"
final_eval,test,last,,41,device-00000094,2026-05-09 19:15:29,钉钉,[15],1,哔哩哔哩,7,mindmaster,15,0.06316783,2,"[""mindmaster"",""哔哩哔哩"",""华为音乐""]","[15,7,4]","[0.06316783,0.06155376,0.05859858]","[0.15195377,0.12606955,0.076869]","[0.07617242,-0.07705048,-0.03605506,0.03387923,0.076869,0.00672518,-0.07055563,0.12606955,0.01907108,-0.00126571,-0.09723938,-0.11895788,-0.04362854,-0.20860988,-0.15091501,0.15195377,-0.0493511,-0.11493814,-0.19556232]","[0.05855777,0.05023897,0.05234133,0.05613282,0.05859858,0.05462909,0.05056632,0.06155376,0.05530772,0.0541943,0.04923487,0.04817709,0.05194642,0.04404587,0.04666182,0.06316783,0.05165,0.04837114,0.04462432]"
final_eval,test,last,,42,device-00000100,2026-05-01 07:44:43,华为音乐,[6],1,华为浏览器,1,WPS,0,0.06760579,5,"[""WPS"",""华为视频"",""哔哩哔哩""]","[0,5,7]","[0.06760579,0.06420808,0.05801192]","[0.238914,0.18734938,0.08586904]","[0.238914,0.05297065,0.02051903,0.00647135,0.0255587,0.18734938,0.01990644,0.08586904,-0.09646695,0.0306989,0.03073226,-0.14133199,-0.07435831,-0.10631856,-0.17755884,-0.13306344,0.05319493,-0.14382206,-0.23478298]","[0.06760579,0.05613448,0.05434207,0.05358402,0.05461662,0.06420808,0.05430879,0.05801192,0.04834257,0.05489808,0.05489992,0.04622162,0.04942327,0.04786866,0.04457712,0.04660539,0.05614707,0.04610667,0.04209785]"
final_eval,test,last,,43,device-00000134,2026-05-05 23:03:23,华为浏览器,[3],1,WPS,0,WPS,0,0.0809985,1,"[""WPS"",""微信"",""华为浏览器""]","[0,3,1]","[0.0809985,0.06947647,0.06564708]","[0.40398413,0.25054166,0.19384673]","[0.40398413,0.19384673,0.02805375,0.25054166,-0.01133633,-0.07104757,0.04564459,0.11761377,-0.06556895,-0.02245101,-0.20272967,-0.12861072,-0.27762192,-0.2018494,-0.26994151,-0.07231759,-0.12073218,-0.21187642,-0.22190216]","[0.0809985,0.06564708,0.05561763,0.06947647,0.05346943,0.05037016,0.05660464,0.06082861,0.05064688,0.05287843,0.04415547,0.04755256,0.04096936,0.04419435,0.04128524,0.05030623,0.04792869,0.04375343,0.04331696]"
final_eval,test,last,,44,device-00000134,2026-05-05 23:29:33,华为浏览器|WPS,"[3,2]",2,华为浏览器,1,华为浏览器,1,0.10245007,1,"[""华为浏览器"",""WPS"",""备忘录""]","[1,0,2]","[0.10245007,0.08541696,0.08537216]","[0.62525898,0.4434281,0.44290355]","[0.4434281,0.62525898,0.44290355,0.30352035,0.05967831,-0.18687598,0.03188429,-0.01611316,-0.2965149,-0.05947644,-0.2981011,-0.20277447,-0.3298617,-0.5703547,-0.53120404,-0.22478905,-0.2947138,-0.33106247,-0.4842687]","[0.08541696,0.10245007,0.08537216,0.07426478,0.05819473,0.04547854,0.05659954,0.05394707,0.04075594,0.05165774,0.04069135,0.04476122,0.03941927,0.03099302,0.03223048,0.04378658,0.04082941,0.03937197,0.03377929]"
final_eval,test,last,,45,device-00000134,2026-05-05 23:29:33,华为浏览器|WPS|华为浏览器,"[3,2,3]",3,WPS,0,WPS,0,0.11271004,1,"[""WPS"",""华为浏览器"",""微信""]","[0,1,3]","[0.11271004,0.09479363,0.08081584]","[0.73241609,0.55929977,0.39977056]","[0.73241609,0.55929977,0.27479556,0.39977056,-0.0526426,-0.15213625,0.04718024,0.0023345,-0.20155331,-0.09891083,-0.36395231,-0.24074766,-0.38051742,-0.50479954,-0.53046894,-0.25540027,-0.27100655,-0.33459938,-0.46642593]","[0.11271004,0.09479363,0.07132152,0.08081584,0.05140626,0.04653786,0.05680263,0.05431155,0.044294,0.04908196,0.03765441,0.0425915,0.0370358,0.03270745,0.03187855,0.04197197,0.04132203,0.03877606,0.03398694]"
final_eval,test,last,,46,device-00000134,2026-05-06 10:51:59,备忘录,[4],1,WPS,0,WPS,0,0.08971044,1,"[""WPS"",""华为浏览器"",""备忘录""]","[0,1,2]","[0.08971044,0.07165939,0.06338761]","[0.51290429,0.28824121,0.16558544]","[0.51290429,0.28824121,0.16558544,0.02131892,0.06147591,-0.05240984,-0.01121944,0.0800637,-0.06990828,0.08606992,-0.11832032,-0.28630191,-0.21485159,-0.2854811,-0.27742651,0.00930883,-0.26796556,-0.20078778,-0.27927306]","[0.08971044,0.07165939,0.06338761,0.05487193,0.05712026,0.05097183,0.05311522,0.05819193,0.05008766,0.05854249,0.04772057,0.04034151,0.0433294,0.04037464,0.04070115,0.05421685,0.04108805,0.04394308,0.04062606]"
final_eval,test,last,,47,device-00000134,2026-05-18 01:16:00,华为视频,[7],1,备忘录,2,WPS,0,0.06934109,11,"[""WPS"",""华为视频"",""哔哩哔哩""]","[0,5,7]","[0.06934109,0.06846151,0.06066411]","[0.29817939,0.28541347,0.1644941]","[0.29817939,0.04557058,-0.02868778,0.14289367,0.14310259,0.28541347,0.16163646,0.1644941,0.09409276,0.10849963,-0.07100647,-0.28519806,-0.10359421,-0.2001144,-0.1188909,-0.02399483,-0.03915326,-0.16259456,-0.2468778]","[0.06934109,0.05386219,0.05000737,0.05936779,0.0593802,0.06846151,0.060491,0.06066411,0.05654015,0.05736061,0.04793528,0.03869306,0.04639836,0.04212932,0.04569401,0.05024261,0.04948675,0.04374003,0.04020456]"
final_eval,test,last,,48,device-00000134,2026-05-18 01:16:04,华为视频|备忘录,"[7,4]",2,华为邮箱,9,WPS,0,0.09531251,8,"[""WPS"",""华为视频"",""华为浏览器""]","[0,5,1]","[0.09531251,0.06755362,0.06441901]","[0.60294038,0.25870115,0.21118802]","[0.60294038,0.21118802,0.13493742,0.09365537,0.20057321,0.25870115,0.08279423,0.05978221,0.07087114,0.07456443,-0.15998551,-0.40262878,-0.25197688,-0.36775193,-0.31258991,0.00435878,-0.22643313,-0.17841196,-0.36810753]","[0.09531251,0.06441901,0.05968962,0.05727568,0.06373882,0.06755362,0.05665696,0.05536806,0.05598545,0.0561926,0.04444423,0.03486878,0.04053816,0.03610635,0.03815401,0.05238286,0.041587,0.04363278,0.03609351]"
final_eval,test,last,,49,device-00000136,2026-05-03 19:03:44,华为音乐,[6],1,微信,3,WPS,0,0.06760579,11,"[""WPS"",""华为视频"",""哔哩哔哩""]","[0,5,7]","[0.06760579,0.06420808,0.05801192]","[0.238914,0.18734938,0.08586904]","[0.238914,0.05297065,0.02051903,0.00647135,0.0255587,0.18734938,0.01990644,0.08586904,-0.09646695,0.0306989,0.03073226,-0.14133199,-0.07435831,-0.10631856,-0.17755884,-0.13306344,0.05319493,-0.14382206,-0.23478298]","[0.06760579,0.05613448,0.05434207,0.05358402,0.05461662,0.06420808,0.05430879,0.05801192,0.04834257,0.05489808,0.05489992,0.04622162,0.04942327,0.04786866,0.04457712,0.04660539,0.05614707,0.04610667,0.04209785]"
final_eval,test,last,,50,device-00000136,2026-05-03 19:10:40,华为音乐|微信,"[6,5]",2,哔哩哔哩,7,WPS,0,0.08382976,8,"[""WPS"",""华为浏览器"",""华为音乐""]","[0,1,4]","[0.08382976,0.0786856,0.06533507]","[0.45272893,0.38940108,0.20346981]","[0.45272893,0.38940108,0.11474198,0.08817964,0.20346981,0.18015651,0.07276746,0.06504381,-0.15222658,-0.00146014,-0.10335623,-0.21625757,-0.17291176,-0.27412951,-0.34910506,-0.22766018,-0.1718937,-0.30460158,-0.3799341]","[0.08382976,0.0786856,0.05978777,0.05822058,0.06533507,0.06382951,0.05733015,0.05688905,0.04577933,0.05322877,0.04807214,0.04293991,0.0448421,0.04052543,0.03759812,0.04245306,0.04488777,0.03930916,0.03645669]"
final_eval,test,last,,51,device-00000136,2026-05-03 19:11:35,华为音乐|微信|哔哩哔哩,"[6,5,10]",3,备忘录,2,WPS,0,0.08212792,6,"[""WPS"",""华为浏览器"",""华为音乐""]","[0,1,4]","[0.08212792,0.06868105,0.06688906]","[0.44308347,0.26427877,0.23784086]","[0.44308347,0.26427877,0.11596036,0.08903004,0.23784086,0.16397695,0.1045026,0.12295818,-0.14982525,-0.07745295,-0.14910389,-0.2452504,-0.02641292,-0.21656963,-0.31145427,-0.1306861,-0.025704,-0.29710022,-0.4100689]","[0.08212792,0.06868105,0.05921382,0.05764045,0.06688906,0.06212644,0.05853924,0.05962964,0.04539352,0.04880055,0.04542628,0.04126209,0.05135599,0.04246265,0.03861884,0.04627068,0.05139241,0.03917718,0.03499222]"
final_eval,test,last,,52,device-00000136,2026-05-03 19:13:15,华为音乐|微信|哔哩哔哩|备忘录,"[6,5,10,4]",4,华为视频,5,WPS,0,0.09746522,5,"[""WPS"",""华为浏览器"",""华为音乐""]","[0,1,4]","[0.09746522,0.07836165,0.0680588]","[0.61081654,0.39265567,0.25169289]","[0.61081654,0.39265567,0.18419608,0.07601415,0.25169289,0.1142053,0.05275441,0.03295714,-0.02994408,0.00609746,-0.13203996,-0.34829849,-0.2187883,-0.38498354,-0.42137462,-0.12785466,-0.19248948,-0.30403927,-0.41881993]","[0.09746522,0.07836165,0.06361665,0.05709367,0.0680588,0.05931631,0.05578101,0.05468755,0.0513536,0.05323821,0.04636937,0.03735178,0.04251644,0.03600635,0.0347196,0.04656385,0.0436494,0.03904207,0.03480841]"
final_eval,test,last,,53,device-00000136,2026-05-03 19:20:34,华为音乐|微信|哔哩哔哩|备忘录|华为视频,"[6,5,10,4,7]",5,华为浏览器,1,WPS,0,0.10037822,2,"[""WPS"",""华为浏览器"",""华为音乐""]","[0,1,4]","[0.10037822,0.07770119,0.06843289]","[0.67121482,0.41514018,0.28812319]","[0.67121482,0.41514018,0.16618255,0.18322173,0.28812319,0.17485105,0.14875036,0.0958844,0.02116264,0.02085433,-0.1542038,-0.36629751,-0.13859685,-0.41758999,-0.40328875,-0.1280669,-0.17386401,-0.37405869,-0.4231073]","[0.10037822,0.07770119,0.06057685,0.06161788,0.06843289,0.06110425,0.05953002,0.05646465,0.05239929,0.05238314,0.04397083,0.03556752,0.04466247,0.03378917,0.03427587,0.04513525,0.0431148,0.03529254,0.03360326]"
final_eval,test,last,,54,device-00000155,2026-05-02 23:25:49,华为浏览器,[3],1,华为邮箱,9,WPS,0,0.0809985,8,"[""WPS"",""微信"",""华为浏览器""]","[0,3,1]","[0.0809985,0.06947647,0.06564708]","[0.40398413,0.25054166,0.19384673]","[0.40398413,0.19384673,0.02805375,0.25054166,-0.01133633,-0.07104757,0.04564459,0.11761377,-0.06556895,-0.02245101,-0.20272967,-0.12861072,-0.27762192,-0.2018494,-0.26994151,-0.07231759,-0.12073218,-0.21187642,-0.22190216]","[0.0809985,0.06564708,0.05561763,0.06947647,0.05346943,0.05037016,0.05660464,0.06082861,0.05064688,0.05287843,0.04415547,0.04755256,0.04096936,0.04419435,0.04128524,0.05030623,0.04792869,0.04375343,0.04331696]"
final_eval,test,last,,55,device-00000155,2026-05-02 23:27:50,华为浏览器|华为邮箱,"[3,11]",2,华为浏览器,1,WPS,0,0.06891504,2,"[""WPS"",""华为浏览器"",""抖音""]","[0,1,6]","[0.06891504,0.06542535,0.06216256]","[0.24959859,0.197634,0.14647704]","[0.24959859,0.197634,0.09150787,0.11932334,-0.02960148,-0.10779411,0.14647704,0.08414122,-0.15606615,-0.10067064,-0.17291488,0.01771269,-0.21421076,-0.15997711,-0.15975766,-0.04390876,-0.01492345,-0.17508417,-0.13507992]","[0.06891504,0.06542535,0.05883775,0.06049732,0.05212655,0.04820592,0.06216256,0.05840591,0.04593419,0.04855053,0.04516674,0.05465215,0.04333952,0.04575489,0.04576494,0.05138607,0.05289731,0.04506886,0.04690836]"
final_eval,test,last,,56,device-00000155,2026-05-02 23:40:37,华为浏览器|华为邮箱|华为浏览器,"[3,11,3]",3,华为视频,5,WPS,0,0.08770382,11,"[""WPS"",""微信"",""华为浏览器""]","[0,3,1]","[0.08770382,0.07390517,0.07064515]","[0.49372393,0.32254133,0.27742785]","[0.49372393,0.27742785,0.0513542,0.32254133,0.0350352,-0.11305057,0.10077319,0.11504973,-0.14658189,-0.08865694,-0.29512247,-0.07625584,-0.32041234,-0.23467809,-0.27782592,-0.07358328,-0.11591095,-0.22551423,-0.23408963]","[0.08770382,0.07064515,0.05635076,0.07390517,0.05543863,0.0478079,0.05920551,0.06005683,0.04623142,0.04898845,0.03984987,0.04959974,0.0388547,0.04233285,0.04054513,0.04973248,0.04767135,0.04272256,0.04235777]"
final_eval,test,last,,57,device-00000205,2026-05-13 19:39:18,哔哩哔哩,[10],1,微信,3,中望CAD,16,0.06170132,8,"[""中望CAD"",""WPS"",""华为音乐""]","[16,0,4]","[0.06170132,0.06125453,0.06096523]","[0.17013587,0.16286834,0.15813416]","[0.16286834,-0.06946307,0.03221462,0.04134975,0.15813416,0.05780338,0.01809486,0.14868805,-0.02365379,0.1130351,0.00750798,-0.12248217,0.02843578,-0.13768506,-0.19063416,0.05727087,0.17013587,-0.15145665,-0.22342873]","[0.06125453,0.04855545,0.05375218,0.05424546,0.06096523,0.05514538,0.05299854,0.06039206,0.05083147,0.05827683,0.05244041,0.04604814,0.05354944,0.04535337,0.04301441,0.05511602,0.06170132,0.04473306,0.04162666]"
final_eval,test,last,,58,device-00000205,2026-05-16 09:31:39,WPS,[2],1,华为浏览器,1,华为浏览器,1,0.09829451,1,"[""华为浏览器"",""WPS"",""备忘录""]","[1,0,2]","[0.09829451,0.08595993,0.08561739]","[0.57226902,0.43818206,0.43418935]","[0.43818206,0.57226902,0.43418935,0.23850346,-0.00260794,-0.18443407,-0.03422632,-0.14791572,-0.39595559,-0.10415498,-0.1312293,-0.17662209,-0.23388727,-0.51968086,-0.45018718,-0.30580646,-0.26028425,-0.24594435,-0.45404679]","[0.08595993,0.09829451,0.08561739,0.07040066,0.05531761,0.04612085,0.05359592,0.04783624,0.03732799,0.04997607,0.04864115,0.04648256,0.04389551,0.03298385,0.03535755,0.04084942,0.04275196,0.04336943,0.03522135]"
final_eval,test,last,,59,device-00000205,2026-05-16 09:39:30,WPS|华为浏览器,"[2,3]",2,日历,8,WPS,0,0.12103179,14,"[""WPS"",""华为浏览器"",""微信""]","[0,1,3]","[0.12103179,0.09947173,0.08142624]","[0.80324805,0.60706824,0.40689242]","[0.80324805,0.60706824,0.2843923,0.40689242,-0.09753925,-0.1634578,-0.01943408,-0.11501571,-0.3192493,-0.18623891,-0.24710754,-0.212143,-0.34273338,-0.50309455,-0.47873512,-0.3785924,-0.26675901,-0.2889992,-0.44601581]","[0.12103179,0.09947173,0.07203826,0.08142624,0.04916913,0.04603248,0.05316345,0.04831729,0.03939173,0.04499567,0.04233854,0.04384506,0.03847743,0.03277646,0.03358468,0.03712211,0.04151464,0.04060154,0.03470172]"
final_eval,test,last,,60,device-00000227,2026-05-16 16:02:10,日历,[9],1,微信,3,WPS,0,0.07412585,6,"[""WPS"",""华为浏览器"",""备忘录""]","[0,1,2]","[0.07412585,0.06351998,0.06089396]","[0.32611173,0.17170203,0.12948132]","[0.32611173,0.17170203,0.12948132,0.06158218,0.10042461,0.080267,-0.08201488,0.05944824,-0.05858853,-0.03075279,0.00162934,-0.15092644,-0.13801399,-0.17740896,-0.27205986,-0.07478531,-0.09643602,-0.18216586,-0.18440321]","[0.07412585,0.06351998,0.06089396,0.05689655,0.05915004,0.05796965,0.04928588,0.05677527,0.0504541,0.05187826,0.05358569,0.0460039,0.04660177,0.04480159,0.04075558,0.04964349,0.04858023,0.04458898,0.04448933]"
final_eval,test,last,,61,device-00000227,2026-05-16 16:03:02,日历|微信,"[9,5]",2,钉钉,13,WPS,0,0.0887744,17,"[""WPS"",""华为浏览器"",""华为音乐""]","[0,1,4]","[0.0887744,0.08385359,0.06883091]","[0.50745487,0.45042881,0.25300953]","[0.50745487,0.45042881,0.19123361,0.07124298,0.25300953,0.07928318,-0.00427099,0.07429048,-0.13943979,-0.06679737,-0.09957782,-0.21078482,-0.22056423,-0.31815755,-0.39287612,-0.22414392,-0.27334365,-0.29461831,-0.32406396]","[0.0887744,0.08385359,0.0647075,0.05739094,0.06883091,0.05785424,0.05321671,0.0575661,0.04648844,0.04999115,0.04837899,0.04328727,0.04286601,0.03888023,0.03608103,0.04271284,0.04066223,0.0398063,0.03865126]"
final_eval,test,last,,62,device-00000227,2026-05-16 16:03:44,日历|微信|钉钉,"[9,5,15]",3,华为音乐,4,WPS,0,0.08300121,3,"[""WPS"",""华为浏览器"",""华为音乐""]","[0,1,4]","[0.08300121,0.07544295,0.0727667]","[0.42595673,0.33047834,0.29435995]","[0.42595673,0.33047834,0.16106302,0.13071831,0.29435995,0.03349918,-0.07324691,0.10242061,-0.11212888,-0.14574713,-0.1492497,-0.24771443,-0.11160804,-0.33377317,-0.31234983,-0.14192042,-0.31570598,-0.30156782,-0.33362752]","[0.08300121,0.07544295,0.06368579,0.06178229,0.0727667,0.0560586,0.05038289,0.0600585,0.0484615,0.04685939,0.04669555,0.04231679,0.04848675,0.03882737,0.03966815,0.04703905,0.03953524,0.04009817,0.03883302]"
final_eval,test,last,,63,device-00000227,2026-05-16 16:20:34,微信|钉钉|华为音乐,"[5,15,6]",3,海泰浏览器,11,WPS,0,0.09084769,14,"[""WPS"",""华为浏览器"",""华为音乐""]","[0,1,4]","[0.09084769,0.07407708,0.06135178]","[0.50449181,0.30041358,0.11193151]","[0.50449181,0.30041358,0.1004861,-0.01759217,0.11193151,0.0925145,0.05360034,0.08877408,-0.10903814,-0.07910749,-0.24424936,-0.23776653,-0.18003184,-0.31395802,-0.30020913,-0.13879272,-0.20949861,-0.29879719,-0.43090868]","[0.09084769,0.07407708,0.06065358,0.05389838,0.06135178,0.060172,0.05787543,0.05994735,0.04918823,0.05068273,0.04296747,0.04324692,0.04581725,0.04007427,0.04062906,0.04774622,0.04448687,0.04068646,0.03565124]"
final_eval,test,last,,64,device-00000227,2026-05-16 16:20:53,微信|钉钉|华为音乐|海泰浏览器,"[5,15,6,13]",4,备忘录,2,WPS,0,0.08298793,5,"[""WPS"",""华为浏览器"",""抖音""]","[0,1,6]","[0.08298793,0.0660895,0.06356775]","[0.40346253,0.1757772,0.13687359]","[0.40346253,0.1757772,0.11228825,0.00723674,0.10633283,0.1330699,0.13687359,0.10355848,-0.11152931,-0.14283216,-0.27876112,-0.19152248,-0.13947289,-0.33553803,-0.28566471,-0.12189215,-0.26923433,-0.36841819,-0.36807686]","[0.08298793,0.0660895,0.06202397,0.05583883,0.06165569,0.06332642,0.06356775,0.06148487,0.04958574,0.04805761,0.04194971,0.04577372,0.04821932,0.03963429,0.04166111,0.04907455,0.04235127,0.0383523,0.03836539]"
final_eval,test,last,,65,device-00000227,2026-05-16 16:52:20,微信|钉钉|华为音乐|海泰浏览器|备忘录,"[5,15,6,13,4]",5,华为浏览器,1,WPS,0,0.10270867,2,"[""WPS"",""华为浏览器"",""备忘录""]","[0,1,2]","[0.10270867,0.08112323,0.06387889]","[0.63364857,0.39772132,0.15874097]","[0.63364857,0.39772132,0.15874097,-0.01950555,0.15120932,0.04863498,0.08931532,0.01260531,0.00277987,0.02040759,-0.28162059,-0.33363834,-0.29371583,-0.45043179,-0.4212316,-0.1199865,-0.36175168,-0.31145051,-0.42491451]","[0.10270867,0.08112323,0.06387889,0.05344977,0.06339958,0.05721883,0.0595945,0.05519394,0.0546543,0.05562627,0.04112546,0.03904089,0.04063103,0.03473737,0.03576667,0.0483401,0.03795861,0.03991681,0.03563518]"
final_eval,test,last,,66,device-00000227,2026-05-16 16:55:44,微信|钉钉|华为音乐|海泰浏览器|备忘录|华为浏览器,"[5,15,6,13,4,3]",6,华为邮箱,9,WPS,0,0.11604848,11,"[""WPS"",""华为浏览器"",""微信""]","[0,1,3]","[0.11604848,0.08569089,0.06514952]","[0.76698619,0.46372458,0.18966308]","[0.76698619,0.46372458,0.16657242,0.18966308,0.05978606,0.03321842,0.09904863,0.00459403,-0.08660552,-0.12110361,-0.31779402,-0.37715271,-0.30666399,-0.46125054,-0.41041538,-0.09651238,-0.32727301,-0.34950361,-0.45066792]","[0.11604848,0.08569089,0.0636624,0.06514952,0.05721453,0.05571449,0.0595056,0.05414231,0.04942302,0.04774709,0.03922161,0.03696121,0.03966059,0.03397997,0.03575201,0.04893581,0.03885158,0.03799742,0.03434148]"
final_eval,test,last,,67,device-00000249,2026-05-03 16:44:07,华为邮箱,[11],1,日历,8,抖音,6,0.06126747,19,"[""抖音"",""海泰浏览器"",""哔哩哔哩""]","[6,11,7]","[0.06126747,0.0603568,0.0572639]","[0.15634371,0.1413683,0.08876499]","[0.06504051,0.02116998,0.01955166,-0.05610375,-0.05253843,-0.02623208,0.15634371,0.08876499,-0.22099677,-0.0297109,0.00456042,0.1413683,-0.08394878,0.00039666,-0.0116505,0.02978157,0.02949294,-0.07606654,0.02093893]","[0.05592133,0.05352107,0.05343452,0.04954105,0.049718,0.05104325,0.06126747,0.0572639,0.04201004,0.05086599,0.05263945,0.0603568,0.04818061,0.05242072,0.05179299,0.05398396,0.05396838,0.04856188,0.0535087]"
final_eval,test,last,,68,device-00000249,2026-05-03 17:10:20,日历,[9],1,微信,3,WPS,0,0.07412585,6,"[""WPS"",""华为浏览器"",""备忘录""]","[0,1,2]","[0.07412585,0.06351998,0.06089396]","[0.32611173,0.17170203,0.12948132]","[0.32611173,0.17170203,0.12948132,0.06158218,0.10042461,0.080267,-0.08201488,0.05944824,-0.05858853,-0.03075279,0.00162934,-0.15092644,-0.13801399,-0.17740896,-0.27205986,-0.07478531,-0.09643602,-0.18216586,-0.18440321]","[0.07412585,0.06351998,0.06089396,0.05689655,0.05915004,0.05796965,0.04928588,0.05677527,0.0504541,0.05187826,0.05358569,0.0460039,0.04660177,0.04480159,0.04075558,0.04964349,0.04858023,0.04458898,0.04448933]"
final_eval,test,last,,69,device-00000249,2026-05-03 17:21:31,日历|微信,"[9,5]",2,钉钉,13,WPS,0,0.0887744,17,"[""WPS"",""华为浏览器"",""华为音乐""]","[0,1,4]","[0.0887744,0.08385359,0.06883091]","[0.50745487,0.45042881,0.25300953]","[0.50745487,0.45042881,0.19123361,0.07124298,0.25300953,0.07928318,-0.00427099,0.07429048,-0.13943979,-0.06679737,-0.09957782,-0.21078482,-0.22056423,-0.31815755,-0.39287612,-0.22414392,-0.27334365,-0.29461831,-0.32406396]","[0.0887744,0.08385359,0.0647075,0.05739094,0.06883091,0.05785424,0.05321671,0.0575661,0.04648844,0.04999115,0.04837899,0.04328727,0.04286601,0.03888023,0.03608103,0.04271284,0.04066223,0.0398063,0.03865126]"
final_eval,test,last,,70,device-00000249,2026-05-03 18:15:35,钉钉,[15],1,哔哩哔哩,7,mindmaster,15,0.06316783,2,"[""mindmaster"",""哔哩哔哩"",""华为音乐""]","[15,7,4]","[0.06316783,0.06155376,0.05859858]","[0.15195377,0.12606955,0.076869]","[0.07617242,-0.07705048,-0.03605506,0.03387923,0.076869,0.00672518,-0.07055563,0.12606955,0.01907108,-0.00126571,-0.09723938,-0.11895788,-0.04362854,-0.20860988,-0.15091501,0.15195377,-0.0493511,-0.11493814,-0.19556232]","[0.05855777,0.05023897,0.05234133,0.05613282,0.05859858,0.05462909,0.05056632,0.06155376,0.05530772,0.0541943,0.04923487,0.04817709,0.05194642,0.04404587,0.04666182,0.06316783,0.05165,0.04837114,0.04462432]"
final_eval,test,last,,71,device-00000249,2026-05-03 19:09:43,哔哩哔哩,[10],1,备忘录,2,中望CAD,16,0.06170132,9,"[""中望CAD"",""WPS"",""华为音乐""]","[16,0,4]","[0.06170132,0.06125453,0.06096523]","[0.17013587,0.16286834,0.15813416]","[0.16286834,-0.06946307,0.03221462,0.04134975,0.15813416,0.05780338,0.01809486,0.14868805,-0.02365379,0.1130351,0.00750798,-0.12248217,0.02843578,-0.13768506,-0.19063416,0.05727087,0.17013587,-0.15145665,-0.22342873]","[0.06125453,0.04855545,0.05375218,0.05424546,0.06096523,0.05514538,0.05299854,0.06039206,0.05083147,0.05827683,0.05244041,0.04604814,0.05354944,0.04535337,0.04301441,0.05511602,0.06170132,0.04473306,0.04162666]"
final_eval,test,last,,72,device-00000249,2026-05-03 19:23:56,备忘录,[4],1,华为浏览器,1,WPS,0,0.08971044,2,"[""WPS"",""华为浏览器"",""备忘录""]","[0,1,2]","[0.08971044,0.07165939,0.06338761]","[0.51290429,0.28824121,0.16558544]","[0.51290429,0.28824121,0.16558544,0.02131892,0.06147591,-0.05240984,-0.01121944,0.0800637,-0.06990828,0.08606992,-0.11832032,-0.28630191,-0.21485159,-0.2854811,-0.27742651,0.00930883,-0.26796556,-0.20078778,-0.27927306]","[0.08971044,0.07165939,0.06338761,0.05487193,0.05712026,0.05097183,0.05311522,0.05819193,0.05008766,0.05854249,0.04772057,0.04034151,0.0433294,0.04037464,0.04070115,0.05421685,0.04108805,0.04394308,0.04062606]"
final_eval,test,last,,73,device-00000249,2026-05-08 14:51:36,WPS,[2],1,小红书,10,华为浏览器,1,0.09829451,8,"[""华为浏览器"",""WPS"",""备忘录""]","[1,0,2]","[0.09829451,0.08595993,0.08561739]","[0.57226902,0.43818206,0.43418935]","[0.43818206,0.57226902,0.43418935,0.23850346,-0.00260794,-0.18443407,-0.03422632,-0.14791572,-0.39595559,-0.10415498,-0.1312293,-0.17662209,-0.23388727,-0.51968086,-0.45018718,-0.30580646,-0.26028425,-0.24594435,-0.45404679]","[0.08595993,0.09829451,0.08561739,0.07040066,0.05531761,0.04612085,0.05359592,0.04783624,0.03732799,0.04997607,0.04864115,0.04648256,0.04389551,0.03298385,0.03535755,0.04084942,0.04275196,0.04336943,0.03522135]"
final_eval,test,last,,74,device-00000269,2026-05-03 00:18:05,微信,[5],1,海泰浏览器,11,WPS,0,0.08571474,10,"[""WPS"",""华为浏览器"",""华为音乐""]","[0,1,4]","[0.08571474,0.08265866,0.06150256]","[0.44846028,0.41215512,0.11651426]","[0.44846028,0.41215512,0.09868817,0.03281443,0.11651426,-0.02869501,0.0948637,0.06621234,-0.1815924,0.01174656,-0.2216123,-0.16876906,-0.24092408,-0.27406815,-0.33071974,-0.17459321,-0.26061139,-0.32061225,-0.35657457]","[0.08571474,0.08265866,0.06041592,0.05656435,0.06150256,0.05318995,0.06018531,0.05848538,0.04564856,0.05538512,0.04385778,0.0462377,0.04301893,0.04161648,0.03932438,0.04596918,0.04218029,0.03972387,0.03832069]"
final_eval,test,last,,75,device-00000273,2026-05-01 20:18:56,华为浏览器,[3],1,微信,3,WPS,0,0.0809985,2,"[""WPS"",""微信"",""华为浏览器""]","[0,3,1]","[0.0809985,0.06947647,0.06564708]","[0.40398413,0.25054166,0.19384673]","[0.40398413,0.19384673,0.02805375,0.25054166,-0.01133633,-0.07104757,0.04564459,0.11761377,-0.06556895,-0.02245101,-0.20272967,-0.12861072,-0.27762192,-0.2018494,-0.26994151,-0.07231759,-0.12073218,-0.21187642,-0.22190216]","[0.0809985,0.06564708,0.05561763,0.06947647,0.05346943,0.05037016,0.05660464,0.06082861,0.05064688,0.05287843,0.04415547,0.04755256,0.04096936,0.04419435,0.04128524,0.05030623,0.04792869,0.04375343,0.04331696]"
final_eval,test,last,,76,device-00000273,2026-05-01 20:21:36,华为浏览器|微信,"[3,5]",2,华为邮箱,9,WPS,0,0.0933695,8,"[""WPS"",""华为浏览器"",""微信""]","[0,1,3]","[0.0933695,0.08821439,0.06551468]","[0.54759753,0.49080291,0.19330712]","[0.54759753,0.49080291,0.1355048,0.19330712,0.1626294,-0.05547742,0.10208554,0.1345541,-0.16163816,0.00762673,-0.30652449,-0.15761498,-0.35539877,-0.35312682,-0.40928325,-0.23516017,-0.27635837,-0.37592313,-0.39769593]","[0.0933695,0.08821439,0.06183515,0.06551468,0.06353536,0.05108494,0.05980282,0.06177639,0.04593967,0.0544125,0.03974336,0.04612487,0.03784763,0.03793372,0.0358622,0.04268327,0.04096053,0.03707875,0.03628017]"
final_eval,test,last,,77,device-00000273,2026-05-01 22:39:01,WPS,[2],1,华为音乐,4,华为浏览器,1,0.09829451,5,"[""华为浏览器"",""WPS"",""备忘录""]","[1,0,2]","[0.09829451,0.08595993,0.08561739]","[0.57226902,0.43818206,0.43418935]","[0.43818206,0.57226902,0.43418935,0.23850346,-0.00260794,-0.18443407,-0.03422632,-0.14791572,-0.39595559,-0.10415498,-0.1312293,-0.17662209,-0.23388727,-0.51968086,-0.45018718,-0.30580646,-0.26028425,-0.24594435,-0.45404679]","[0.08595993,0.09829451,0.08561739,0.07040066,0.05531761,0.04612085,0.05359592,0.04783624,0.03732799,0.04997607,0.04864115,0.04648256,0.04389551,0.03298385,0.03535755,0.04084942,0.04275196,0.04336943,0.03522135]"
final_eval,test,last,,78,device-00000273,2026-05-01 23:17:20,WPS|华为音乐,"[2,6]",2,华为视频,5,WPS,0,0.10164125,5,"[""WPS"",""华为浏览器"",""备忘录""]","[0,1,2]","[0.10164125,0.08348646,0.07465023]","[0.62049884,0.42373389,0.31186298]","[0.62049884,0.42373389,0.31186298,0.14437282,-0.01293918,0.01740502,-0.03502629,-0.10530128,-0.32713941,-0.14209694,-0.09391549,-0.18249714,-0.21076198,-0.40719756,-0.38122103,-0.369046,-0.14955361,-0.20277917,-0.41613773]","[0.10164125,0.08348646,0.07465023,0.06313804,0.0539475,0.05560959,0.05276902,0.04918798,0.03940179,0.04741097,0.04975122,0.04553374,0.04426474,0.03637032,0.03732747,0.03778471,0.04705876,0.04461952,0.03604661]"
final_eval,test,last,,79,device-00000273,2026-05-02 00:06:23,华为视频,[7],1,抖音,6,WPS,0,0.06934109,4,"[""WPS"",""华为视频"",""哔哩哔哩""]","[0,5,7]","[0.06934109,0.06846151,0.06066411]","[0.29817939,0.28541347,0.1644941]","[0.29817939,0.04557058,-0.02868778,0.14289367,0.14310259,0.28541347,0.16163646,0.1644941,0.09409276,0.10849963,-0.07100647,-0.28519806,-0.10359421,-0.2001144,-0.1188909,-0.02399483,-0.03915326,-0.16259456,-0.2468778]","[0.06934109,0.05386219,0.05000737,0.05936779,0.0593802,0.06846151,0.060491,0.06066411,0.05654015,0.05736061,0.04793528,0.03869306,0.04639836,0.04212932,0.04569401,0.05024261,0.04948675,0.04374003,0.04020456]"
final_eval,test,last,,80,device-00000273,2026-05-02 00:06:27,华为视频|抖音,"[7,8]",2,华为视频,5,华为视频,5,0.08724874,1,"[""华为视频"",""WPS"",""哔哩哔哩""]","[5,0,7]","[0.08724874,0.06928258,0.06307164]","[0.52790922,0.29733968,0.20341736]","[0.29733968,0.0322842,-0.18047127,-0.00028449,0.13891304,0.52790922,0.18846342,0.20341736,0.12302565,0.10363354,-0.0462952,-0.27915263,-0.13705999,-0.06414302,-0.08575705,-0.19739427,-0.11565115,-0.24247211,-0.26746586]","[0.06928258,0.05315107,0.04296486,0.05144789,0.05913169,0.08724874,0.06213549,0.06307164,0.05819966,0.05708192,0.04913437,0.03892751,0.0448711,0.0482652,0.04723319,0.04224389,0.0458421,0.0403819,0.03938512]"
final_eval,test,last,,81,device-00000273,2026-05-02 00:06:47,华为视频|抖音|华为视频,"[7,8,7]",3,日历,8,华为视频,5,0.0872954,6,"[""华为视频"",""WPS"",""抖音""]","[5,0,6]","[0.0872954,0.07716361,0.06652578]","[0.54670483,0.42333508,0.27499661]","[0.42333508,0.10941294,-0.11149277,0.12790631,0.21697113,0.54670483,0.27499661,0.21470141,0.16463605,0.0710104,-0.09916592,-0.4163903,-0.15523779,-0.25034058,-0.11336468,-0.12358125,-0.12182762,-0.27648669,-0.3318648]","[0.07716361,0.05637388,0.04520014,0.05742612,0.06277545,0.0872954,0.06652578,0.06263313,0.05957458,0.05425002,0.04576077,0.03332149,0.04326548,0.03934041,0.04511561,0.04465703,0.04473541,0.03832515,0.03626047]"
final_eval,test,last,,82,device-00000273,2026-05-02 01:04:02,抖音|华为视频|日历,"[8,7,9]",3,备忘录,2,WPS,0,0.08029844,9,"[""WPS"",""华为视频"",""哔哩哔哩""]","[0,5,7]","[0.08029844,0.07497978,0.06292422]","[0.41835445,0.34982282,0.17453536]","[0.41835445,0.16996518,-0.01069577,0.05768915,0.10970879,0.34982282,0.10090964,0.17453536,0.02910203,-0.01370814,-0.04810785,-0.37872928,-0.1795797,-0.26298222,-0.14326626,-0.09264419,-0.17161937,-0.29846764,-0.33241558]","[0.08029844,0.0626373,0.0522845,0.05598506,0.05897446,0.07497978,0.05845781,0.06292422,0.05440727,0.05212723,0.05036457,0.03618579,0.04415985,0.04062621,0.04579292,0.04817073,0.04451278,0.03920985,0.0379011]"
final_eval,test,last,,83,device-00000273,2026-05-03 15:23:47,备忘录,[4],1,WPS,0,WPS,0,0.08971044,1,"[""WPS"",""华为浏览器"",""备忘录""]","[0,1,2]","[0.08971044,0.07165939,0.06338761]","[0.51290429,0.28824121,0.16558544]","[0.51290429,0.28824121,0.16558544,0.02131892,0.06147591,-0.05240984,-0.01121944,0.0800637,-0.06990828,0.08606992,-0.11832032,-0.28630191,-0.21485159,-0.2854811,-0.27742651,0.00930883,-0.26796556,-0.20078778,-0.27927306]","[0.08971044,0.07165939,0.06338761,0.05487193,0.05712026,0.05097183,0.05311522,0.05819193,0.05008766,0.05854249,0.04772057,0.04034151,0.0433294,0.04037464,0.04070115,0.05421685,0.04108805,0.04394308,0.04062606]"
final_eval,test,last,,84,device-00000421,2026-05-03 14:29:01,微信,[5],1,WPS,0,WPS,0,0.08571474,1,"[""WPS"",""华为浏览器"",""华为音乐""]","[0,1,4]","[0.08571474,0.08265866,0.06150256]","[0.44846028,0.41215512,0.11651426]","[0.44846028,0.41215512,0.09868817,0.03281443,0.11651426,-0.02869501,0.0948637,0.06621234,-0.1815924,0.01174656,-0.2216123,-0.16876906,-0.24092408,-0.27406815,-0.33071974,-0.17459321,-0.26061139,-0.32061225,-0.35657457]","[0.08571474,0.08265866,0.06041592,0.05656435,0.06150256,0.05318995,0.06018531,0.05848538,0.04564856,0.05538512,0.04385778,0.0462377,0.04301893,0.04161648,0.03932438,0.04596918,0.04218029,0.03972387,0.03832069]"
final_eval,test,last,,85,device-00000421,2026-05-04 01:24:11,微信,[5],1,WPS,0,WPS,0,0.08571474,1,"[""WPS"",""华为浏览器"",""华为音乐""]","[0,1,4]","[0.08571474,0.08265866,0.06150256]","[0.44846028,0.41215512,0.11651426]","[0.44846028,0.41215512,0.09868817,0.03281443,0.11651426,-0.02869501,0.0948637,0.06621234,-0.1815924,0.01174656,-0.2216123,-0.16876906,-0.24092408,-0.27406815,-0.33071974,-0.17459321,-0.26061139,-0.32061225,-0.35657457]","[0.08571474,0.08265866,0.06041592,0.05656435,0.06150256,0.05318995,0.06018531,0.05848538,0.04564856,0.05538512,0.04385778,0.0462377,0.04301893,0.04161648,0.03932438,0.04596918,0.04218029,0.03972387,0.03832069]"
final_eval,test,last,,86,device-00000428,2026-05-01 12:12:52,日历,[9],1,华为音乐,4,WPS,0,0.07412585,4,"[""WPS"",""华为浏览器"",""备忘录""]","[0,1,2]","[0.07412585,0.06351998,0.06089396]","[0.32611173,0.17170203,0.12948132]","[0.32611173,0.17170203,0.12948132,0.06158218,0.10042461,0.080267,-0.08201488,0.05944824,-0.05858853,-0.03075279,0.00162934,-0.15092644,-0.13801399,-0.17740896,-0.27205986,-0.07478531,-0.09643602,-0.18216586,-0.18440321]","[0.07412585,0.06351998,0.06089396,0.05689655,0.05915004,0.05796965,0.04928588,0.05677527,0.0504541,0.05187826,0.05358569,0.0460039,0.04660177,0.04480159,0.04075558,0.04964349,0.04858023,0.04458898,0.04448933]"
final_eval,test,last,,87,device-00000428,2026-05-01 12:12:53,日历|华为音乐,"[9,6]",2,日历,8,WPS,0,0.07595494,11,"[""WPS"",""华为视频"",""华为浏览器""]","[0,5,1]","[0.07595494,0.06511104,0.06208878]","[0.35917652,0.20513044,0.15760159]","[0.35917652,0.15760159,0.14237136,0.02146204,0.13655269,0.20513044,-0.01739613,0.06808075,-0.05998154,-0.07961156,0.02454183,-0.20241651,-0.11293977,-0.19565582,-0.25364569,-0.17956196,-0.01419012,-0.15532124,-0.25554952]","[0.07595494,0.06208878,0.06115032,0.05418617,0.06079554,0.06511104,0.05212098,0.05677207,0.04994798,0.04897707,0.05435331,0.04331709,0.04737165,0.04361093,0.04115387,0.04431848,0.05228835,0.04540592,0.04107559]"
final_eval,test,last,,88,device-00000428,2026-05-01 12:13:00,日历|华为音乐|日历,"[9,6,9]",3,华为音乐,4,WPS,0,0.08797041,5,"[""WPS"",""华为浏览器"",""备忘录""]","[0,1,2]","[0.08797041,0.06815501,0.0673965]","[0.51032281,0.25510696,0.24391538]","[0.51032281,0.25510696,0.24391538,0.08871794,0.16481796,0.23590857,-0.06428224,0.04900933,-0.09172248,-0.1011904,0.00238594,-0.24521786,-0.15951262,-0.27640727,-0.36945474,-0.16917551,-0.11935578,-0.21781313,-0.30347225]","[0.08797041,0.06815501,0.0673965,0.057708,0.06227099,0.06685902,0.04952093,0.05546139,0.04818054,0.04772653,0.05293494,0.04132468,0.04502262,0.04005568,0.03649674,0.04458967,0.04686738,0.04247283,0.03898611]"
final_eval,test,last,,89,device-00000428,2026-05-01 12:24:30,日历|华为音乐|日历|华为音乐,"[9,6,9,6]",4,华为浏览器,1,WPS,0,0.08127434,3,"[""WPS"",""华为视频"",""华为浏览器""]","[0,5,1]","[0.08127434,0.06981863,0.06499241]","[0.43426687,0.28233743,0.21070704]","[0.43426687,0.21070704,0.20614797,0.04786152,0.17947796,0.28233743,-0.0090769,0.06944414,-0.08116782,-0.12996373,0.01631896,-0.25647321,-0.13639697,-0.25016743,-0.2952913,-0.22427204,-0.01459975,-0.16214783,-0.31132811]","[0.08127434,0.06499241,0.06469678,0.05522551,0.06299412,0.06981863,0.0521689,0.05643038,0.04854036,0.04622865,0.05351074,0.0407351,0.0459322,0.04099278,0.03918414,0.04206817,0.05188158,0.04476451,0.03856077]"
final_eval,test,last,,90,device-00000428,2026-05-01 12:25:36,日历|华为音乐|日历|华为音乐|华为浏览器,"[9,6,9,6,3]",5,抖音,6,WPS,0,0.09411164,8,"[""WPS"",""华为浏览器"",""微信""]","[0,1,3]","[0.09411164,0.07035809,0.06994672]","[0.58464003,0.2937561,0.28789222]","[0.58464003,0.2937561,0.22301732,0.28789222,0.1619153,0.22433068,-0.00010282,0.03429163,-0.07170226,-0.2276417,-0.08620309,-0.34912997,-0.20853168,-0.3247309,-0.31911582,-0.20132616,-0.08163629,-0.21737498,-0.31505275]","[0.09411164,0.07035809,0.065553,0.06994672,0.0616675,0.06563915,0.05244363,0.05427878,0.04881997,0.0417709,0.04811715,0.03699237,0.04257682,0.03790605,0.03811949,0.04288472,0.04833739,0.04220196,0.03827469]"
final_eval,test,last,,91,device-00000428,2026-05-02 16:54:04,钉钉,[15],1,微信,3,mindmaster,15,0.06316783,5,"[""mindmaster"",""哔哩哔哩"",""华为音乐""]","[15,7,4]","[0.06316783,0.06155376,0.05859858]","[0.15195377,0.12606955,0.076869]","[0.07617242,-0.07705048,-0.03605506,0.03387923,0.076869,0.00672518,-0.07055563,0.12606955,0.01907108,-0.00126571,-0.09723938,-0.11895788,-0.04362854,-0.20860988,-0.15091501,0.15195377,-0.0493511,-0.11493814,-0.19556232]","[0.05855777,0.05023897,0.05234133,0.05613282,0.05859858,0.05462909,0.05056632,0.06155376,0.05530772,0.0541943,0.04923487,0.04817709,0.05194642,0.04404587,0.04666182,0.06316783,0.05165,0.04837114,0.04462432]"
final_eval,test,last,,92,device-00000428,2026-05-02 16:55:36,钉钉|微信,"[15,5]",2,小红书,10,WPS,0,0.07588915,13,"[""WPS"",""华为浏览器"",""华为音乐""]","[0,1,4]","[0.07588915,0.0722158,0.06350339]","[0.32780898,0.27819404,0.14962858]","[0.32780898,0.27819404,0.05995376,0.01664251,0.14962858,0.02886306,0.05474577,0.09766798,-0.04970567,0.00683692,-0.17673227,-0.15228614,-0.18508455,-0.34853974,-0.35093388,-0.01900299,-0.22393097,-0.27301827,-0.33615273]","[0.07588915,0.0722158,0.0580566,0.05559578,0.06350339,0.05627936,0.05775503,0.06028798,0.05202681,0.05505329,0.04582054,0.04695448,0.04543943,0.03858737,0.03849509,0.05364894,0.04370811,0.04161441,0.03906832]"
final_eval,test,last,,93,device-00000428,2026-05-02 17:03:59,钉钉|微信|小红书,"[15,5,14]",3,哔哩哔哩,7,WPS,0,0.07915676,2,"[""WPS"",""哔哩哔哩"",""华为浏览器""]","[0,7,1]","[0.07915676,0.06492505,0.06073725]","[0.3569209,0.15872425,0.09204789]","[0.3569209,0.09204789,-0.01598983,-0.00170927,0.03073313,0.07933764,0.01975763,0.15872425,0.03365926,0.06077222,-0.14565538,-0.20248958,-0.17681926,-0.28368697,-0.44694427,-0.08276168,-0.16727223,-0.27909783,-0.347101]","[0.07915676,0.06073725,0.05451738,0.0553015,0.05712504,0.05997015,0.05650149,0.06492505,0.05729244,0.05886705,0.04788747,0.04524172,0.04641813,0.0417134,0.03543022,0.05099602,0.04686341,0.04190527,0.03915031]"
final_eval,test,last,,94,device-00000428,2026-05-02 19:57:37,华为邮箱,[11],1,备忘录,2,抖音,6,0.06126747,9,"[""抖音"",""海泰浏览器"",""哔哩哔哩""]","[6,11,7]","[0.06126747,0.0603568,0.0572639]","[0.15634371,0.1413683,0.08876499]","[0.06504051,0.02116998,0.01955166,-0.05610375,-0.05253843,-0.02623208,0.15634371,0.08876499,-0.22099677,-0.0297109,0.00456042,0.1413683,-0.08394878,0.00039666,-0.0116505,0.02978157,0.02949294,-0.07606654,0.02093893]","[0.05592133,0.05352107,0.05343452,0.04954105,0.049718,0.05104325,0.06126747,0.0572639,0.04201004,0.05086599,0.05263945,0.0603568,0.04818061,0.05242072,0.05179299,0.05398396,0.05396838,0.04856188,0.0535087]"
final_eval,test,last,,95,device-00000428,2026-05-09 20:14:56,备忘录,[4],1,WPS,0,WPS,0,0.08971044,1,"[""WPS"",""华为浏览器"",""备忘录""]","[0,1,2]","[0.08971044,0.07165939,0.06338761]","[0.51290429,0.28824121,0.16558544]","[0.51290429,0.28824121,0.16558544,0.02131892,0.06147591,-0.05240984,-0.01121944,0.0800637,-0.06990828,0.08606992,-0.11832032,-0.28630191,-0.21485159,-0.2854811,-0.27742651,0.00930883,-0.26796556,-0.20078778,-0.27927306]","[0.08971044,0.07165939,0.06338761,0.05487193,0.05712026,0.05097183,0.05311522,0.05819193,0.05008766,0.05854249,0.04772057,0.04034151,0.0433294,0.04037464,0.04070115,0.05421685,0.04108805,0.04394308,0.04062606]"
final_eval,test,last,,96,device-00000436,2026-05-08 22:04:38,微信,[5],1,华为邮箱,9,WPS,0,0.08571474,8,"[""WPS"",""华为浏览器"",""华为音乐""]","[0,1,4]","[0.08571474,0.08265866,0.06150256]","[0.44846028,0.41215512,0.11651426]","[0.44846028,0.41215512,0.09868817,0.03281443,0.11651426,-0.02869501,0.0948637,0.06621234,-0.1815924,0.01174656,-0.2216123,-0.16876906,-0.24092408,-0.27406815,-0.33071974,-0.17459321,-0.26061139,-0.32061225,-0.35657457]","[0.08571474,0.08265866,0.06041592,0.05656435,0.06150256,0.05318995,0.06018531,0.05848538,0.04564856,0.05538512,0.04385778,0.0462377,0.04301893,0.04161648,0.03932438,0.04596918,0.04218029,0.03972387,0.03832069]"
final_eval,test,last,,97,device-00000455,2026-05-01 09:27:39,微信,[5],1,备忘录,2,WPS,0,0.08571474,4,"[""WPS"",""华为浏览器"",""华为音乐""]","[0,1,4]","[0.08571474,0.08265866,0.06150256]","[0.44846028,0.41215512,0.11651426]","[0.44846028,0.41215512,0.09868817,0.03281443,0.11651426,-0.02869501,0.0948637,0.06621234,-0.1815924,0.01174656,-0.2216123,-0.16876906,-0.24092408,-0.27406815,-0.33071974,-0.17459321,-0.26061139,-0.32061225,-0.35657457]","[0.08571474,0.08265866,0.06041592,0.05656435,0.06150256,0.05318995,0.06018531,0.05848538,0.04564856,0.05538512,0.04385778,0.0462377,0.04301893,0.04161648,0.03932438,0.04596918,0.04218029,0.03972387,0.03832069]"
final_eval,test,last,,98,device-00000473,2026-05-08 17:04:39,WPS,[2],1,微信,3,华为浏览器,1,0.09829451,4,"[""华为浏览器"",""WPS"",""备忘录""]","[1,0,2]","[0.09829451,0.08595993,0.08561739]","[0.57226902,0.43818206,0.43418935]","[0.43818206,0.57226902,0.43418935,0.23850346,-0.00260794,-0.18443407,-0.03422632,-0.14791572,-0.39595559,-0.10415498,-0.1312293,-0.17662209,-0.23388727,-0.51968086,-0.45018718,-0.30580646,-0.26028425,-0.24594435,-0.45404679]","[0.08595993,0.09829451,0.08561739,0.07040066,0.05531761,0.04612085,0.05359592,0.04783624,0.03732799,0.04997607,0.04864115,0.04648256,0.04389551,0.03298385,0.03535755,0.04084942,0.04275196,0.04336943,0.03522135]"
final_eval,test,last,,99,device-00000507,2026-05-25 10:06:38,备忘录,[4],1,WPS,0,WPS,0,0.08971044,1,"[""WPS"",""华为浏览器"",""备忘录""]","[0,1,2]","[0.08971044,0.07165939,0.06338761]","[0.51290429,0.28824121,0.16558544]","[0.51290429,0.28824121,0.16558544,0.02131892,0.06147591,-0.05240984,-0.01121944,0.0800637,-0.06990828,0.08606992,-0.11832032,-0.28630191,-0.21485159,-0.2854811,-0.27742651,0.00930883,-0.26796556,-0.20078778,-0.27927306]","[0.08971044,0.07165939,0.06338761,0.05487193,0.05712026,0.05097183,0.05311522,0.05819193,0.05008766,0.05854249,0.04772057,0.04034151,0.0433294,0.04037464,0.04070115,0.05421685,0.04108805,0.04394308,0.04062606]"
final_eval,test,last,,100,device-00000507,2026-05-25 10:37:33,备忘录|WPS,"[4,2]",2,备忘录,2,华为浏览器,1,0.10447381,3,"[""华为浏览器"",""WPS"",""备忘录""]","[1,0,2]","[0.10447381,0.10058796,0.10002085]","[0.66405255,0.62614864,0.62049472]","[0.62614864,0.66405255,0.62049472,0.21467236,0.06097429,-0.16459708,-0.04393486,-0.05534523,-0.37592739,-0.07717832,-0.23637421,-0.31894705,-0.28541842,-0.58163053,-0.53767997,-0.14870228,-0.41858,-0.30502886,-0.53187537]","[0.10058796,0.10447381,0.10002085,0.06665675,0.05716022,0.04561729,0.05146742,0.0508835,0.0369275,0.0497846,0.04245776,0.03909275,0.04042569,0.03006174,0.03141244,0.04634816,0.03538556,0.03964065,0.0315953]"
final_eval,test,last,,101,device-00000507,2026-05-28 15:55:22,WPS,[2],1,备忘录,2,华为浏览器,1,0.09829451,3,"[""华为浏览器"",""WPS"",""备忘录""]","[1,0,2]","[0.09829451,0.08595993,0.08561739]","[0.57226902,0.43818206,0.43418935]","[0.43818206,0.57226902,0.43418935,0.23850346,-0.00260794,-0.18443407,-0.03422632,-0.14791572,-0.39595559,-0.10415498,-0.1312293,-0.17662209,-0.23388727,-0.51968086,-0.45018718,-0.30580646,-0.26028425,-0.24594435,-0.45404679]","[0.08595993,0.09829451,0.08561739,0.07040066,0.05531761,0.04612085,0.05359592,0.04783624,0.03732799,0.04997607,0.04864115,0.04648256,0.04389551,0.03298385,0.03535755,0.04084942,0.04275196,0.04336943,0.03522135]"
final_eval,test,last,,102,device-00000531,2026-05-15 22:14:39,华为浏览器,[3],1,钉钉,13,WPS,0,0.0809985,14,"[""WPS"",""微信"",""华为浏览器""]","[0,3,1]","[0.0809985,0.06947647,0.06564708]","[0.40398413,0.25054166,0.19384673]","[0.40398413,0.19384673,0.02805375,0.25054166,-0.01133633,-0.07104757,0.04564459,0.11761377,-0.06556895,-0.02245101,-0.20272967,-0.12861072,-0.27762192,-0.2018494,-0.26994151,-0.07231759,-0.12073218,-0.21187642,-0.22190216]","[0.0809985,0.06564708,0.05561763,0.06947647,0.05346943,0.05037016,0.05660464,0.06082861,0.05064688,0.05287843,0.04415547,0.04755256,0.04096936,0.04419435,0.04128524,0.05030623,0.04792869,0.04375343,0.04331696]"
final_eval,test,last,,103,device-00000591,2026-05-07 14:47:33,华为浏览器,[3],1,微信,3,WPS,0,0.0809985,2,"[""WPS"",""微信"",""华为浏览器""]","[0,3,1]","[0.0809985,0.06947647,0.06564708]","[0.40398413,0.25054166,0.19384673]","[0.40398413,0.19384673,0.02805375,0.25054166,-0.01133633,-0.07104757,0.04564459,0.11761377,-0.06556895,-0.02245101,-0.20272967,-0.12861072,-0.27762192,-0.2018494,-0.26994151,-0.07231759,-0.12073218,-0.21187642,-0.22190216]","[0.0809985,0.06564708,0.05561763,0.06947647,0.05346943,0.05037016,0.05660464,0.06082861,0.05064688,0.05287843,0.04415547,0.04755256,0.04096936,0.04419435,0.04128524,0.05030623,0.04792869,0.04375343,0.04331696]"
final_eval,test,last,,104,device-00000591,2026-05-18 16:42:18,WPS,[2],1,华为视频,5,华为浏览器,1,0.09829451,11,"[""华为浏览器"",""WPS"",""备忘录""]","[1,0,2]","[0.09829451,0.08595993,0.08561739]","[0.57226902,0.43818206,0.43418935]","[0.43818206,0.57226902,0.43418935,0.23850346,-0.00260794,-0.18443407,-0.03422632,-0.14791572,-0.39595559,-0.10415498,-0.1312293,-0.17662209,-0.23388727,-0.51968086,-0.45018718,-0.30580646,-0.26028425,-0.24594435,-0.45404679]","[0.08595993,0.09829451,0.08561739,0.07040066,0.05531761,0.04612085,0.05359592,0.04783624,0.03732799,0.04997607,0.04864115,0.04648256,0.04389551,0.03298385,0.03535755,0.04084942,0.04275196,0.04336943,0.03522135]"
final_eval,test,last,,105,device-00000591,2026-05-20 13:59:24,日历,[9],1,WPS,0,WPS,0,0.07412585,1,"[""WPS"",""华为浏览器"",""备忘录""]","[0,1,2]","[0.07412585,0.06351998,0.06089396]","[0.32611173,0.17170203,0.12948132]","[0.32611173,0.17170203,0.12948132,0.06158218,0.10042461,0.080267,-0.08201488,0.05944824,-0.05858853,-0.03075279,0.00162934,-0.15092644,-0.13801399,-0.17740896,-0.27205986,-0.07478531,-0.09643602,-0.18216586,-0.18440321]","[0.07412585,0.06351998,0.06089396,0.05689655,0.05915004,0.05796965,0.04928588,0.05677527,0.0504541,0.05187826,0.05358569,0.0460039,0.04660177,0.04480159,0.04075558,0.04964349,0.04858023,0.04458898,0.04448933]"
final_eval,test,last,,106,device-00000634,2026-05-01 11:32:24,钉钉,[15],1,WPS,0,mindmaster,15,0.06316783,4,"[""mindmaster"",""哔哩哔哩"",""华为音乐""]","[15,7,4]","[0.06316783,0.06155376,0.05859858]","[0.15195377,0.12606955,0.076869]","[0.07617242,-0.07705048,-0.03605506,0.03387923,0.076869,0.00672518,-0.07055563,0.12606955,0.01907108,-0.00126571,-0.09723938,-0.11895788,-0.04362854,-0.20860988,-0.15091501,0.15195377,-0.0493511,-0.11493814,-0.19556232]","[0.05855777,0.05023897,0.05234133,0.05613282,0.05859858,0.05462909,0.05056632,0.06155376,0.05530772,0.0541943,0.04923487,0.04817709,0.05194642,0.04404587,0.04666182,0.06316783,0.05165,0.04837114,0.04462432]"
final_eval,test,last,,107,device-00000634,2026-05-03 22:16:08,WPS,[2],1,钉钉,13,华为浏览器,1,0.09829451,19,"[""华为浏览器"",""WPS"",""备忘录""]","[1,0,2]","[0.09829451,0.08595993,0.08561739]","[0.57226902,0.43818206,0.43418935]","[0.43818206,0.57226902,0.43418935,0.23850346,-0.00260794,-0.18443407,-0.03422632,-0.14791572,-0.39595559,-0.10415498,-0.1312293,-0.17662209,-0.23388727,-0.51968086,-0.45018718,-0.30580646,-0.26028425,-0.24594435,-0.45404679]","[0.08595993,0.09829451,0.08561739,0.07040066,0.05531761,0.04612085,0.05359592,0.04783624,0.03732799,0.04997607,0.04864115,0.04648256,0.04389551,0.03298385,0.03535755,0.04084942,0.04275196,0.04336943,0.03522135]"
final_eval,test,last,,108,device-00000634,2026-05-06 18:56:05,华为音乐,[6],1,日历,8,WPS,0,0.06760579,13,"[""WPS"",""华为视频"",""哔哩哔哩""]","[0,5,7]","[0.06760579,0.06420808,0.05801192]","[0.238914,0.18734938,0.08586904]","[0.238914,0.05297065,0.02051903,0.00647135,0.0255587,0.18734938,0.01990644,0.08586904,-0.09646695,0.0306989,0.03073226,-0.14133199,-0.07435831,-0.10631856,-0.17755884,-0.13306344,0.05319493,-0.14382206,-0.23478298]","[0.06760579,0.05613448,0.05434207,0.05358402,0.05461662,0.06420808,0.05430879,0.05801192,0.04834257,0.05489808,0.05489992,0.04622162,0.04942327,0.04786866,0.04457712,0.04660539,0.05614707,0.04610667,0.04209785]"
final_eval,test,last,,109,device-00000640,2026-05-18 17:42:28,华为浏览器,[3],1,WPS,0,WPS,0,0.0809985,1,"[""WPS"",""微信"",""华为浏览器""]","[0,3,1]","[0.0809985,0.06947647,0.06564708]","[0.40398413,0.25054166,0.19384673]","[0.40398413,0.19384673,0.02805375,0.25054166,-0.01133633,-0.07104757,0.04564459,0.11761377,-0.06556895,-0.02245101,-0.20272967,-0.12861072,-0.27762192,-0.2018494,-0.26994151,-0.07231759,-0.12073218,-0.21187642,-0.22190216]","[0.0809985,0.06564708,0.05561763,0.06947647,0.05346943,0.05037016,0.05660464,0.06082861,0.05064688,0.05287843,0.04415547,0.04755256,0.04096936,0.04419435,0.04128524,0.05030623,0.04792869,0.04375343,0.04331696]"
final_eval,test,last,,110,device-00000640,2026-05-18 17:47:53,华为浏览器|WPS,"[3,2]",2,华为邮箱,9,华为浏览器,1,0.10245007,8,"[""华为浏览器"",""WPS"",""备忘录""]","[1,0,2]","[0.10245007,0.08541696,0.08537216]","[0.62525898,0.4434281,0.44290355]","[0.4434281,0.62525898,0.44290355,0.30352035,0.05967831,-0.18687598,0.03188429,-0.01611316,-0.2965149,-0.05947644,-0.2981011,-0.20277447,-0.3298617,-0.5703547,-0.53120404,-0.22478905,-0.2947138,-0.33106247,-0.4842687]","[0.08541696,0.10245007,0.08537216,0.07426478,0.05819473,0.04547854,0.05659954,0.05394707,0.04075594,0.05165774,0.04069135,0.04476122,0.03941927,0.03099302,0.03223048,0.04378658,0.04082941,0.03937197,0.03377929]"
final_eval,test,last,,111,device-00000640,2026-05-18 17:50:02,华为浏览器|WPS|华为邮箱,"[3,2,11]",3,抖音,6,华为浏览器,1,0.08466356,5,"[""华为浏览器"",""WPS"",""备忘录""]","[1,0,2]","[0.08466356,0.0796072,0.07467817]","[0.42283413,0.36125338,0.29733664]","[0.36125338,0.42283413,0.29733664,0.15916249,-0.0787459,-0.18811762,0.10260013,-0.02936666,-0.25239128,-0.13959408,-0.27853394,-0.05382015,-0.23807214,-0.38103974,-0.36195087,-0.20119338,-0.1264704,-0.24448526,-0.33592793]","[0.0796072,0.08466356,0.07467817,0.06504073,0.05126998,0.04595826,0.06146398,0.05386519,0.04309728,0.04824331,0.0419852,0.05256398,0.04371884,0.0378947,0.03862502,0.04536123,0.04888061,0.04343936,0.03964335]"
final_eval,test,last,,112,device-00000640,2026-05-18 17:50:54,华为浏览器|WPS|华为邮箱|抖音,"[3,2,11,8]",4,华为音乐,4,WPS,0,0.08280802,9,"[""WPS"",""华为浏览器"",""抖音""]","[0,1,6]","[0.08280802,0.07951244,0.06177959]","[0.40529871,0.36468732,0.11234698]","[0.40529871,0.36468732,0.01977258,0.03355075,-0.01896963,0.01265213,0.11234698,0.04475817,-0.11559885,0.0230572,-0.26946339,-0.02086149,-0.21207882,-0.22743917,-0.31519437,-0.37230432,-0.19734459,-0.34703264,-0.28848332]","[0.08280802,0.07951244,0.05631713,0.05709844,0.054177,0.05591755,0.06177959,0.05774197,0.0491869,0.05650242,0.04217226,0.05407461,0.04466309,0.04398229,0.04028712,0.03805079,0.04532604,0.03902465,0.04137773]"
final_eval,test,last,,113,device-00000640,2026-05-18 18:27:17,WPS|华为邮箱|抖音|华为音乐,"[2,11,8,6]",4,日历,8,WPS,0,0.09474074,16,"[""WPS"",""华为浏览器"",""华为视频""]","[0,1,5]","[0.09474074,0.07981981,0.06283287]","[0.55676115,0.38538879,0.14609535]","[0.55676115,0.38538879,0.11857983,0.01082695,-0.01732047,0.14609535,0.04226274,-0.02714071,-0.28441891,-0.09709945,-0.09601779,-0.06843133,-0.20682195,-0.29018995,-0.25661781,-0.41445482,-0.12172361,-0.23703915,-0.30371022]","[0.09474074,0.07981981,0.06112756,0.05488334,0.05336006,0.06283287,0.05663605,0.05283862,0.04085234,0.04926843,0.04932175,0.0507013,0.04414859,0.04061726,0.04200402,0.03587096,0.04807005,0.0428345,0.0400718]"
final_eval,test,last,,114,device-00000640,2026-05-18 19:12:59,日历,[9],1,备忘录,2,WPS,0,0.07412585,3,"[""WPS"",""华为浏览器"",""备忘录""]","[0,1,2]","[0.07412585,0.06351998,0.06089396]","[0.32611173,0.17170203,0.12948132]","[0.32611173,0.17170203,0.12948132,0.06158218,0.10042461,0.080267,-0.08201488,0.05944824,-0.05858853,-0.03075279,0.00162934,-0.15092644,-0.13801399,-0.17740896,-0.27205986,-0.07478531,-0.09643602,-0.18216586,-0.18440321]","[0.07412585,0.06351998,0.06089396,0.05689655,0.05915004,0.05796965,0.04928588,0.05677527,0.0504541,0.05187826,0.05358569,0.0460039,0.04660177,0.04480159,0.04075558,0.04964349,0.04858023,0.04458898,0.04448933]"
final_eval,test,last,,115,device-00000640,2026-05-18 19:51:52,备忘录,[4],1,钉钉,13,WPS,0,0.08971044,18,"[""WPS"",""华为浏览器"",""备忘录""]","[0,1,2]","[0.08971044,0.07165939,0.06338761]","[0.51290429,0.28824121,0.16558544]","[0.51290429,0.28824121,0.16558544,0.02131892,0.06147591,-0.05240984,-0.01121944,0.0800637,-0.06990828,0.08606992,-0.11832032,-0.28630191,-0.21485159,-0.2854811,-0.27742651,0.00930883,-0.26796556,-0.20078778,-0.27927306]","[0.08971044,0.07165939,0.06338761,0.05487193,0.05712026,0.05097183,0.05311522,0.05819193,0.05008766,0.05854249,0.04772057,0.04034151,0.0433294,0.04037464,0.04070115,0.05421685,0.04108805,0.04394308,0.04062606]"
final_eval,test,last,,116,device-00000668,2026-05-05 11:51:16,华为邮箱,[11],1,微信,3,抖音,6,0.06126747,16,"[""抖音"",""海泰浏览器"",""哔哩哔哩""]","[6,11,7]","[0.06126747,0.0603568,0.0572639]","[0.15634371,0.1413683,0.08876499]","[0.06504051,0.02116998,0.01955166,-0.05610375,-0.05253843,-0.02623208,0.15634371,0.08876499,-0.22099677,-0.0297109,0.00456042,0.1413683,-0.08394878,0.00039666,-0.0116505,0.02978157,0.02949294,-0.07606654,0.02093893]","[0.05592133,0.05352107,0.05343452,0.04954105,0.049718,0.05104325,0.06126747,0.0572639,0.04201004,0.05086599,0.05263945,0.0603568,0.04818061,0.05242072,0.05179299,0.05398396,0.05396838,0.04856188,0.0535087]"
final_eval,test,last,,117,device-00000668,2026-05-12 16:52:55,华为音乐,[6],1,WPS,0,WPS,0,0.06760579,1,"[""WPS"",""华为视频"",""哔哩哔哩""]","[0,5,7]","[0.06760579,0.06420808,0.05801192]","[0.238914,0.18734938,0.08586904]","[0.238914,0.05297065,0.02051903,0.00647135,0.0255587,0.18734938,0.01990644,0.08586904,-0.09646695,0.0306989,0.03073226,-0.14133199,-0.07435831,-0.10631856,-0.17755884,-0.13306344,0.05319493,-0.14382206,-0.23478298]","[0.06760579,0.05613448,0.05434207,0.05358402,0.05461662,0.06420808,0.05430879,0.05801192,0.04834257,0.05489808,0.05489992,0.04622162,0.04942327,0.04786866,0.04457712,0.04660539,0.05614707,0.04610667,0.04209785]"
final_eval,test,last,,118,device-00000668,2026-05-12 16:52:58,华为音乐|WPS,"[6,2]",2,华为音乐,4,华为浏览器,1,0.08823649,5,"[""华为浏览器"",""WPS"",""备忘录""]","[1,0,2]","[0.08823649,0.08190146,0.08091014]","[0.48176458,0.40726084,0.39508313]","[0.40726084,0.48176458,0.39508313,0.21887013,0.1194148,0.01546302,0.00744612,-0.10669539,-0.29500356,-0.08725876,-0.08696462,-0.24647871,-0.19917868,-0.49276549,-0.47598502,-0.25330976,-0.15399541,-0.23963881,-0.48311424]","[0.08190146,0.08823649,0.08091014,0.06783824,0.06141602,0.05535235,0.05491036,0.04898728,0.04057907,0.04994874,0.04996343,0.04259672,0.04465996,0.03329777,0.03386124,0.04230673,0.04672413,0.04288908,0.03362069]"
final_eval,test,last,,119,device-00000668,2026-05-12 16:53:05,华为音乐|WPS|华为音乐,"[6,2,6]",3,WPS,0,WPS,0,0.08843683,1,"[""WPS"",""华为浏览器"",""备忘录""]","[0,1,2]","[0.08843683,0.07582526,0.06844773]","[0.49443233,0.34057528,0.23821425]","[0.49443233,0.34057528,0.23821425,0.12812315,0.09082647,0.15570255,0.0064604,-0.05700033,-0.22598451,-0.11009038,-0.04315327,-0.22739652,-0.16717842,-0.35004866,-0.37928823,-0.29377365,-0.03606766,-0.19302015,-0.42098492]","[0.08843683,0.07582526,0.06844773,0.06131223,0.05906761,0.06302671,0.05428872,0.05095056,0.04302889,0.04831614,0.05166098,0.04296817,0.04563513,0.03800841,0.03691315,0.04020866,0.05202833,0.04447094,0.03540564]"
final_eval,test,last,,120,device-00000668,2026-05-12 16:53:21,华为音乐|WPS|华为音乐|WPS,"[6,2,6,2]",4,华为音乐,4,华为浏览器,1,0.10023236,5,"[""华为浏览器"",""WPS"",""备忘录""]","[1,0,2]","[0.10023236,0.09404425,0.09244983]","[0.62429345,0.56056786,0.54346853]","[0.56056786,0.62429345,0.54346853,0.2878741,0.15382355,0.02874716,0.00987179,-0.16670612,-0.35994861,-0.15965605,-0.11337214,-0.30605218,-0.25463718,-0.62447512,-0.57932341,-0.33408511,-0.19512181,-0.27367762,-0.59715563]","[0.09404425,0.10023236,0.09244983,0.07159833,0.06261602,0.05525422,0.05422106,0.04544449,0.03745908,0.045766,0.04793402,0.03953338,0.04161915,0.02875244,0.03008041,0.03844053,0.04417132,0.0408342,0.02954877]"
final_eval,test,last,,121,device-00000668,2026-05-12 16:53:25,华为音乐|WPS|华为音乐|WPS|华为音乐,"[6,2,6,2,6]",5,WPS,0,WPS,0,0.09923722,1,"[""WPS"",""华为浏览器"",""备忘录""]","[0,1,2]","[0.09923722,0.08253897,0.07375889]","[0.61181116,0.42756858,0.31509954]","[0.61181116,0.42756858,0.31509954,0.17002994,0.08751278,0.15029852,0.00158763,-0.10853138,-0.2771537,-0.16845104,-0.07129571,-0.25130928,-0.20920442,-0.43599382,-0.43942821,-0.35335338,-0.05202782,-0.20295015,-0.49117607]","[0.09923722,0.08253897,0.07375889,0.06379864,0.05874551,0.06255215,0.05390858,0.0482874,0.04079454,0.04547901,0.0501193,0.0418626,0.04366285,0.03480316,0.03468384,0.03780149,0.05109436,0.04393678,0.03293467]"
final_eval,test,last,,122,device-00000668,2026-05-12 16:54:59,华为音乐|WPS|华为音乐|WPS|华为音乐|WPS,"[6,2,6,2,6,2]",6,华为音乐,4,华为浏览器,1,0.10358413,5,"[""华为浏览器"",""WPS"",""备忘录""]","[1,0,2]","[0.10358413,0.09985779,0.09636036]","[0.66441232,0.62777525,0.59212309]","[0.62777525,0.66441232,0.59212309,0.31398904,0.15578213,0.03999887,0.0104035,-0.18598545,-0.38691518,-0.19217294,-0.1215654,-0.32799554,-0.28045404,-0.67121166,-0.60907084,-0.36206827,-0.19944026,-0.28172424,-0.64065731]","[0.09985779,0.10358413,0.09636036,0.07296362,0.06228708,0.05547712,0.05385932,0.0442558,0.03619991,0.04398281,0.04720059,0.03839688,0.04026642,0.02724201,0.02898855,0.03711063,0.04366433,0.0402153,0.02808721]"
final_eval,test,last,,123,device-00000668,2026-05-12 17:04:10,华为音乐|WPS|华为音乐|WPS|华为音乐|WPS|华为音乐,"[6,2,6,2,6,2,6]",7,备忘录,2,WPS,0,0.10436864,3,"[""WPS"",""华为浏览器"",""备忘录""]","[0,1,2]","[0.10436864,0.0847617,0.07551297]","[0.6639089,0.45582345,0.34028399]","[0.6639089,0.45582345,0.34028399,0.18743542,0.07801139,0.15351449,0.00048274,-0.12721986,-0.29962894,-0.19426775,-0.0814878,-0.26156098,-0.22904995,-0.46978778,-0.45831719,-0.37782592,-0.05232649,-0.20577458,-0.52093673]","[0.10436864,0.0847617,0.07551297,0.06480973,0.05809222,0.0626482,0.05375857,0.04731373,0.03982088,0.04424546,0.04952772,0.041366,0.04273296,0.03359014,0.03397765,0.03682564,0.05099328,0.04373924,0.03191524]"
final_eval,test,last,,124,device-00000668,2026-05-19 16:44:24,备忘录,[4],1,日历,8,WPS,0,0.08971044,11,"[""WPS"",""华为浏览器"",""备忘录""]","[0,1,2]","[0.08971044,0.07165939,0.06338761]","[0.51290429,0.28824121,0.16558544]","[0.51290429,0.28824121,0.16558544,0.02131892,0.06147591,-0.05240984,-0.01121944,0.0800637,-0.06990828,0.08606992,-0.11832032,-0.28630191,-0.21485159,-0.2854811,-0.27742651,0.00930883,-0.26796556,-0.20078778,-0.27927306]","[0.08971044,0.07165939,0.06338761,0.05487193,0.05712026,0.05097183,0.05311522,0.05819193,0.05008766,0.05854249,0.04772057,0.04034151,0.0433294,0.04037464,0.04070115,0.05421685,0.04108805,0.04394308,0.04062606]"
final_eval,test,last,,125,device-00000731,2026-05-05 15:59:57,华为浏览器,[3],1,WPS,0,WPS,0,0.0809985,1,"[""WPS"",""微信"",""华为浏览器""]","[0,3,1]","[0.0809985,0.06947647,0.06564708]","[0.40398413,0.25054166,0.19384673]","[0.40398413,0.19384673,0.02805375,0.25054166,-0.01133633,-0.07104757,0.04564459,0.11761377,-0.06556895,-0.02245101,-0.20272967,-0.12861072,-0.27762192,-0.2018494,-0.26994151,-0.07231759,-0.12073218,-0.21187642,-0.22190216]","[0.0809985,0.06564708,0.05561763,0.06947647,0.05346943,0.05037016,0.05660464,0.06082861,0.05064688,0.05287843,0.04415547,0.04755256,0.04096936,0.04419435,0.04128524,0.05030623,0.04792869,0.04375343,0.04331696]"
final_eval,test,last,,126,device-00000731,2026-05-10 09:06:03,微信,[5],1,华为浏览器,1,WPS,0,0.08571474,2,"[""WPS"",""华为浏览器"",""华为音乐""]","[0,1,4]","[0.08571474,0.08265866,0.06150256]","[0.44846028,0.41215512,0.11651426]","[0.44846028,0.41215512,0.09868817,0.03281443,0.11651426,-0.02869501,0.0948637,0.06621234,-0.1815924,0.01174656,-0.2216123,-0.16876906,-0.24092408,-0.27406815,-0.33071974,-0.17459321,-0.26061139,-0.32061225,-0.35657457]","[0.08571474,0.08265866,0.06041592,0.05656435,0.06150256,0.05318995,0.06018531,0.05848538,0.04564856,0.05538512,0.04385778,0.0462377,0.04301893,0.04161648,0.03932438,0.04596918,0.04218029,0.03972387,0.03832069]"
final_eval,test,last,,127,device-00000731,2026-05-13 08:14:42,华为浏览器,[3],1,WPS,0,WPS,0,0.0809985,1,"[""WPS"",""微信"",""华为浏览器""]","[0,3,1]","[0.0809985,0.06947647,0.06564708]","[0.40398413,0.25054166,0.19384673]","[0.40398413,0.19384673,0.02805375,0.25054166,-0.01133633,-0.07104757,0.04564459,0.11761377,-0.06556895,-0.02245101,-0.20272967,-0.12861072,-0.27762192,-0.2018494,-0.26994151,-0.07231759,-0.12073218,-0.21187642,-0.22190216]","[0.0809985,0.06564708,0.05561763,0.06947647,0.05346943,0.05037016,0.05660464,0.06082861,0.05064688,0.05287843,0.04415547,0.04755256,0.04096936,0.04419435,0.04128524,0.05030623,0.04792869,0.04375343,0.04331696]"
final_eval,test,last,,128,device-00000731,2026-05-13 08:15:43,华为浏览器|WPS,"[3,2]",2,华为浏览器,1,华为浏览器,1,0.10245007,1,"[""华为浏览器"",""WPS"",""备忘录""]","[1,0,2]","[0.10245007,0.08541696,0.08537216]","[0.62525898,0.4434281,0.44290355]","[0.4434281,0.62525898,0.44290355,0.30352035,0.05967831,-0.18687598,0.03188429,-0.01611316,-0.2965149,-0.05947644,-0.2981011,-0.20277447,-0.3298617,-0.5703547,-0.53120404,-0.22478905,-0.2947138,-0.33106247,-0.4842687]","[0.08541696,0.10245007,0.08537216,0.07426478,0.05819473,0.04547854,0.05659954,0.05394707,0.04075594,0.05165774,0.04069135,0.04476122,0.03941927,0.03099302,0.03223048,0.04378658,0.04082941,0.03937197,0.03377929]"
final_eval,test,last,,129,device-00000731,2026-05-13 08:51:58,华为浏览器|WPS|华为浏览器,"[3,2,3]",3,微信,3,WPS,0,0.11271004,3,"[""WPS"",""华为浏览器"",""微信""]","[0,1,3]","[0.11271004,0.09479363,0.08081584]","[0.73241609,0.55929977,0.39977056]","[0.73241609,0.55929977,0.27479556,0.39977056,-0.0526426,-0.15213625,0.04718024,0.0023345,-0.20155331,-0.09891083,-0.36395231,-0.24074766,-0.38051742,-0.50479954,-0.53046894,-0.25540027,-0.27100655,-0.33459938,-0.46642593]","[0.11271004,0.09479363,0.07132152,0.08081584,0.05140626,0.04653786,0.05680263,0.05431155,0.044294,0.04908196,0.03765441,0.0425915,0.0370358,0.03270745,0.03187855,0.04197197,0.04132203,0.03877606,0.03398694]"
final_eval,test,last,,130,device-00000731,2026-05-29 10:51:38,WPS,[2],1,备忘录,2,华为浏览器,1,0.09829451,3,"[""华为浏览器"",""WPS"",""备忘录""]","[1,0,2]","[0.09829451,0.08595993,0.08561739]","[0.57226902,0.43818206,0.43418935]","[0.43818206,0.57226902,0.43418935,0.23850346,-0.00260794,-0.18443407,-0.03422632,-0.14791572,-0.39595559,-0.10415498,-0.1312293,-0.17662209,-0.23388727,-0.51968086,-0.45018718,-0.30580646,-0.26028425,-0.24594435,-0.45404679]","[0.08595993,0.09829451,0.08561739,0.07040066,0.05531761,0.04612085,0.05359592,0.04783624,0.03732799,0.04997607,0.04864115,0.04648256,0.04389551,0.03298385,0.03535755,0.04084942,0.04275196,0.04336943,0.03522135]"
final_eval,test,last,,131,device-00000731,2026-05-29 10:51:42,WPS|备忘录,"[2,4]",2,WPS,0,WPS,0,0.13365255,1,"[""WPS"",""华为浏览器"",""备忘录""]","[0,1,2]","[0.13365255,0.09615201,0.08187869]","[0.90351164,0.57419854,0.41350684]","[0.90351164,0.57419854,0.41350684,0.13636544,-0.00616791,-0.15532927,-0.07214297,-0.15535396,-0.25389472,-0.03720709,-0.23985244,-0.31265718,-0.3514086,-0.56835771,-0.5114854,-0.32209378,-0.37965536,-0.23012897,-0.51311797]","[0.13365255,0.09615201,0.08187869,0.06205973,0.05381563,0.04635841,0.05037973,0.04635727,0.04200704,0.0521709,0.04260108,0.03960973,0.03810415,0.03067274,0.03246772,0.0392377,0.03704289,0.04301732,0.03241476]"
final_eval,test,last,,132,device-00000797,2026-05-07 10:46:01,华为浏览器,[3],1,备忘录,2,WPS,0,0.0809985,6,"[""WPS"",""微信"",""华为浏览器""]","[0,3,1]","[0.0809985,0.06947647,0.06564708]","[0.40398413,0.25054166,0.19384673]","[0.40398413,0.19384673,0.02805375,0.25054166,-0.01133633,-0.07104757,0.04564459,0.11761377,-0.06556895,-0.02245101,-0.20272967,-0.12861072,-0.27762192,-0.2018494,-0.26994151,-0.07231759,-0.12073218,-0.21187642,-0.22190216]","[0.0809985,0.06564708,0.05561763,0.06947647,0.05346943,0.05037016,0.05660464,0.06082861,0.05064688,0.05287843,0.04415547,0.04755256,0.04096936,0.04419435,0.04128524,0.05030623,0.04792869,0.04375343,0.04331696]"
final_eval,test,last,,133,device-00000797,2026-05-07 10:46:02,华为浏览器|备忘录,"[3,4]",2,华为邮箱,9,WPS,0,0.09991728,6,"[""WPS"",""华为浏览器"",""备忘录""]","[0,1,2]","[0.09991728,0.0782878,0.06364783]","[0.61802852,0.37407768,0.16705115]","[0.61802852,0.37407768,0.16705115,0.11347918,0.09830082,-0.0953833,0.04642412,0.06398864,-0.01556006,0.09144457,-0.25110841,-0.23204181,-0.37971348,-0.37262288,-0.40997183,-0.09734813,-0.29309076,-0.24695295,-0.34387636]","[0.09991728,0.0782878,0.06364783,0.06032782,0.05941905,0.04895644,0.05641518,0.05741484,0.0530245,0.05901305,0.04189664,0.04270313,0.03684061,0.03710276,0.03574257,0.04886034,0.04017413,0.04207111,0.03818481]"
final_eval,test,last,,134,device-00000797,2026-05-07 11:02:02,华为浏览器|备忘录|华为邮箱,"[3,4,11]",3,WPS,0,WPS,0,0.08113535,1,"[""WPS"",""华为浏览器"",""备忘录""]","[0,1,2]","[0.08113535,0.0741981,0.06382871]","[0.40857881,0.31919864,0.16866302]","[0.40857881,0.31919864,0.16866302,0.09134608,0.01718549,-0.12820473,0.12221118,0.10208197,-0.14836255,-0.08252313,-0.23533018,-0.04453336,-0.27073053,-0.2514402,-0.23336554,-0.04570476,-0.12779564,-0.24123722,-0.26436546]","[0.08113535,0.0741981,0.06382871,0.05907962,0.05485677,0.04743381,0.06093155,0.05971731,0.04648722,0.04965092,0.04261515,0.05157343,0.04113295,0.04193412,0.04269896,0.05151305,0.04745322,0.04236416,0.0413956]"
final_eval,val,best_val_recall8,,0,device-00000012,2026-05-06 13:15:26,微信,[5],1,小红书,10,WPS,0,0.08571474,13,"[""WPS"",""华为浏览器"",""华为音乐""]","[0,1,4]","[0.08571474,0.08265866,0.06150256]","[0.44846028,0.41215512,0.11651426]","[0.44846028,0.41215512,0.09868817,0.03281443,0.11651426,-0.02869501,0.0948637,0.06621234,-0.1815924,0.01174656,-0.2216123,-0.16876906,-0.24092408,-0.27406815,-0.33071974,-0.17459321,-0.26061139,-0.32061225,-0.35657457]","[0.08571474,0.08265866,0.06041592,0.05656435,0.06150256,0.05318995,0.06018531,0.05848538,0.04564856,0.05538512,0.04385778,0.0462377,0.04301893,0.04161648,0.03932438,0.04596918,0.04218029,0.03972387,0.03832069]"
final_eval,val,best_val_recall8,,1,device-00000012,2026-05-06 13:26:49,微信|小红书,"[5,14]",2,华为浏览器,1,WPS,0,0.08694616,2,"[""WPS"",""华为浏览器"",""哔哩哔哩""]","[0,1,7]","[0.08694616,0.07069372,0.06337637]","[0.44756919,0.24063686,0.13137114]","[0.44756919,0.24063686,0.04361452,0.0473239,0.01738831,0.01641864,0.08009199,0.13137114,-0.08598289,0.04391298,-0.20066692,-0.24380851,-0.2164112,-0.22885165,-0.44811174,-0.24597356,-0.21564446,-0.32478201,-0.36844352]","[0.08694616,0.07069372,0.05805172,0.05826746,0.05654904,0.05649423,0.0602084,0.06337637,0.05099548,0.05806905,0.04547001,0.04355007,0.04475972,0.04420634,0.03550268,0.04345589,0.04479405,0.04016267,0.03844683]"
final_eval,val,best_val_recall8,,2,device-00000036,2026-05-05 22:03:31,日历,[9],1,哔哩哔哩,7,WPS,0,0.07412585,7,"[""WPS"",""华为浏览器"",""备忘录""]","[0,1,2]","[0.07412585,0.06351998,0.06089396]","[0.32611173,0.17170203,0.12948132]","[0.32611173,0.17170203,0.12948132,0.06158218,0.10042461,0.080267,-0.08201488,0.05944824,-0.05858853,-0.03075279,0.00162934,-0.15092644,-0.13801399,-0.17740896,-0.27205986,-0.07478531,-0.09643602,-0.18216586,-0.18440321]","[0.07412585,0.06351998,0.06089396,0.05689655,0.05915004,0.05796965,0.04928588,0.05677527,0.0504541,0.05187826,0.05358569,0.0460039,0.04660177,0.04480159,0.04075558,0.04964349,0.04858023,0.04458898,0.04448933]"
final_eval,val,best_val_recall8,,3,device-00000036,2026-05-06 22:59:20,亿图图示,[20],1,华为音乐,4,哔哩哔哩,7,0.06250341,9,"[""哔哩哔哩"",""华为邮箱"",""华为浏览器""]","[7,9,1]","[0.06250341,0.05909781,0.0588032]","[0.10746506,0.05143776,0.04644013]","[-0.01682573,0.04644013,-0.04490886,-0.01128726,-0.03303406,-0.01932049,-0.00159733,0.10746506,-0.08825096,0.05143776,-0.06670248,-0.19553319,-0.23325826,-0.15923165,-0.24509123,-0.08892836,-0.01554461,-0.18456033,-0.11227413]","[0.0551982,0.0588032,0.05366963,0.05550476,0.05431074,0.05506067,0.05604521,0.06250341,0.05139316,0.05909781,0.05251263,0.04616505,0.04445591,0.0478717,0.04393296,0.05135836,0.05526896,0.0466744,0.05017325]"
final_eval,val,best_val_recall8,,4,device-00000036,2026-05-06 23:47:10,华为音乐,[6],1,钉钉,13,WPS,0,0.06760579,14,"[""WPS"",""华为视频"",""哔哩哔哩""]","[0,5,7]","[0.06760579,0.06420808,0.05801192]","[0.238914,0.18734938,0.08586904]","[0.238914,0.05297065,0.02051903,0.00647135,0.0255587,0.18734938,0.01990644,0.08586904,-0.09646695,0.0306989,0.03073226,-0.14133199,-0.07435831,-0.10631856,-0.17755884,-0.13306344,0.05319493,-0.14382206,-0.23478298]","[0.06760579,0.05613448,0.05434207,0.05358402,0.05461662,0.06420808,0.05430879,0.05801192,0.04834257,0.05489808,0.05489992,0.04622162,0.04942327,0.04786866,0.04457712,0.04660539,0.05614707,0.04610667,0.04209785]"
final_eval,val,best_val_recall8,,5,device-00000036,2026-05-06 23:47:29,华为音乐|钉钉,"[6,15]",2,备忘录,2,WPS,0,0.0685249,6,"[""WPS"",""哔哩哔哩"",""华为视频""]","[0,7,5]","[0.0685249,0.06169273,0.06125312]","[0.23932846,0.13429733,0.12714607]","[0.23932846,0.02705923,0.06046601,0.116751,0.11486421,0.12714607,-0.07850251,0.13429733,-0.04506483,-0.05472264,-0.08020285,-0.19845593,-0.01151939,-0.21299484,-0.20190805,-0.05929485,-0.04472866,-0.17722502,-0.30939466]","[0.0685249,0.0554193,0.05730195,0.06061968,0.06050542,0.06125312,0.04986733,0.06169273,0.05156298,0.05106739,0.04978261,0.04423042,0.05332202,0.04359201,0.04407799,0.05083443,0.05158031,0.04517951,0.03958594]"
final_eval,val,best_val_recall8,,6,device-00000036,2026-05-07 09:43:25,微信,[5],1,WPS,0,WPS,0,0.08571474,1,"[""WPS"",""华为浏览器"",""华为音乐""]","[0,1,4]","[0.08571474,0.08265866,0.06150256]","[0.44846028,0.41215512,0.11651426]","[0.44846028,0.41215512,0.09868817,0.03281443,0.11651426,-0.02869501,0.0948637,0.06621234,-0.1815924,0.01174656,-0.2216123,-0.16876906,-0.24092408,-0.27406815,-0.33071974,-0.17459321,-0.26061139,-0.32061225,-0.35657457]","[0.08571474,0.08265866,0.06041592,0.05656435,0.06150256,0.05318995,0.06018531,0.05848538,0.04564856,0.05538512,0.04385778,0.0462377,0.04301893,0.04161648,0.03932438,0.04596918,0.04218029,0.03972387,0.03832069]"
final_eval,val,best_val_recall8,,7,device-00000036,2026-05-08 18:45:06,华为浏览器,[3],1,小红书,10,WPS,0,0.0809985,15,"[""WPS"",""微信"",""华为浏览器""]","[0,3,1]","[0.0809985,0.06947647,0.06564708]","[0.40398413,0.25054166,0.19384673]","[0.40398413,0.19384673,0.02805375,0.25054166,-0.01133633,-0.07104757,0.04564459,0.11761377,-0.06556895,-0.02245101,-0.20272967,-0.12861072,-0.27762192,-0.2018494,-0.26994151,-0.07231759,-0.12073218,-0.21187642,-0.22190216]","[0.0809985,0.06564708,0.05561763,0.06947647,0.05346943,0.05037016,0.05660464,0.06082861,0.05064688,0.05287843,0.04415547,0.04755256,0.04096936,0.04419435,0.04128524,0.05030623,0.04792869,0.04375343,0.04331696]"
final_eval,val,best_val_recall8,,8,device-00000042,2026-05-02 16:59:36,华为音乐,[6],1,华为浏览器,1,WPS,0,0.06760579,5,"[""WPS"",""华为视频"",""哔哩哔哩""]","[0,5,7]","[0.06760579,0.06420808,0.05801192]","[0.238914,0.18734938,0.08586904]","[0.238914,0.05297065,0.02051903,0.00647135,0.0255587,0.18734938,0.01990644,0.08586904,-0.09646695,0.0306989,0.03073226,-0.14133199,-0.07435831,-0.10631856,-0.17755884,-0.13306344,0.05319493,-0.14382206,-0.23478298]","[0.06760579,0.05613448,0.05434207,0.05358402,0.05461662,0.06420808,0.05430879,0.05801192,0.04834257,0.05489808,0.05489992,0.04622162,0.04942327,0.04786866,0.04457712,0.04660539,0.05614707,0.04610667,0.04209785]"
final_eval,val,best_val_recall8,,9,device-00000042,2026-05-03 15:56:19,小红书,[14],1,微信,3,哔哩哔哩,7,0.06432129,8,"[""哔哩哔哩"",""WPS"",""华为邮箱""]","[7,0,9]","[0.06432129,0.06377723,0.06236688]","[0.17651232,0.16801785,0.1456559]","[0.16801785,-0.18998936,-0.0703953,0.0208609,-0.05961819,0.07685486,0.04695208,0.17651232,0.032841,0.1456559,-0.0061837,-0.1425973,-0.13067964,-0.02368091,-0.29834348,-0.03693882,0.0637308,-0.14015351,-0.25349635]","[0.06377723,0.04458462,0.05024862,0.05504986,0.05079309,0.05822026,0.05650508,0.06432129,0.05571333,0.06236688,0.05358101,0.04674846,0.04730892,0.05265165,0.04000622,0.0519582,0.05746116,0.04686283,0.04184122]"
final_eval,val,best_val_recall8,,10,device-00000054,2026-05-06 09:27:40,华为视频,[7],1,微信,3,WPS,0,0.06934109,6,"[""WPS"",""华为视频"",""哔哩哔哩""]","[0,5,7]","[0.06934109,0.06846151,0.06066411]","[0.29817939,0.28541347,0.1644941]","[0.29817939,0.04557058,-0.02868778,0.14289367,0.14310259,0.28541347,0.16163646,0.1644941,0.09409276,0.10849963,-0.07100647,-0.28519806,-0.10359421,-0.2001144,-0.1188909,-0.02399483,-0.03915326,-0.16259456,-0.2468778]","[0.06934109,0.05386219,0.05000737,0.05936779,0.0593802,0.06846151,0.060491,0.06066411,0.05654015,0.05736061,0.04793528,0.03869306,0.04639836,0.04212932,0.04569401,0.05024261,0.04948675,0.04374003,0.04020456]"
final_eval,val,best_val_recall8,,11,device-00000054,2026-05-06 09:30:19,华为视频|微信,"[7,5]",2,华为浏览器,1,WPS,0,0.08640913,2,"[""WPS"",""华为浏览器"",""华为视频""]","[0,1,5]","[0.08640913,0.0745315,0.06981571]","[0.49965727,0.35178578,0.28642297]","[0.49965727,0.35178578,0.09553003,0.14208129,0.2683309,0.28642297,0.19807921,0.11581475,-0.07647881,0.00512885,-0.21014456,-0.32230967,-0.24028227,-0.32631621,-0.30901814,-0.1498042,-0.22372606,-0.29698884,-0.4187865]","[0.08640913,0.0745315,0.0576832,0.06043191,0.06856395,0.06981571,0.06391253,0.05886525,0.04856763,0.05269734,0.04249097,0.03798253,0.04122949,0.03783066,0.03849075,0.04513382,0.04191778,0.03895656,0.03448932]"
final_eval,val,best_val_recall8,,12,device-00000054,2026-05-07 16:17:51,抖音,[8],1,剪映,12,华为视频,5,0.06638682,13,"[""华为视频"",""哔哩哔哩"",""WPS""]","[5,7,0]","[0.06638682,0.0638495,0.0610066]","[0.2217771,0.18280734,0.13726062]","[0.13726062,0.0314508,-0.20174867,-0.12062489,-0.00855645,0.2217771,0.0794245,0.18280734,0.10505957,0.11407757,0.01702792,-0.17092037,-0.10159802,0.03488373,-0.00179338,-0.1527957,-0.09104487,-0.27517071,-0.17666665]","[0.0610066,0.05488128,0.04346573,0.04713881,0.05272897,0.06638682,0.05757831,0.0638495,0.05907341,0.05960855,0.05409541,0.04482657,0.04804429,0.05507,0.05308679,0.04564645,0.048554,0.04038873,0.04456972]"
final_eval,val,best_val_recall8,,13,device-00000054,2026-05-14 16:19:48,小红书,[14],1,华为音乐,4,哔哩哔哩,7,0.06432129,12,"[""哔哩哔哩"",""WPS"",""华为邮箱""]","[7,0,9]","[0.06432129,0.06377723,0.06236688]","[0.17651232,0.16801785,0.1456559]","[0.16801785,-0.18998936,-0.0703953,0.0208609,-0.05961819,0.07685486,0.04695208,0.17651232,0.032841,0.1456559,-0.0061837,-0.1425973,-0.13067964,-0.02368091,-0.29834348,-0.03693882,0.0637308,-0.14015351,-0.25349635]","[0.06377723,0.04458462,0.05024862,0.05504986,0.05079309,0.05822026,0.05650508,0.06432129,0.05571333,0.06236688,0.05358101,0.04674846,0.04730892,0.05265165,0.04000622,0.0519582,0.05746116,0.04686283,0.04184122]"
final_eval,val,best_val_recall8,,14,device-00000068,2026-05-02 22:13:18,剪映,[12],1,抖音,6,哔哩哔哩,7,0.07159819,3,"[""哔哩哔哩"",""WPS"",""抖音""]","[7,0,6]","[0.07159819,0.06708288,0.05989622]","[0.27229783,0.20715699,0.09384151]","[0.20715699,-0.08862891,0.06548807,0.04052987,-0.09314721,0.06237307,0.09384151,0.27229783,-0.20737019,-0.04579804,-0.09467184,0.00611129,-0.3045156,-0.18068199,-0.22207597,-0.02626714,-0.00525284,-0.20025352,-0.15922168]","[0.06708288,0.04990609,0.05822181,0.05678668,0.0496811,0.05804073,0.05989622,0.07159819,0.04431848,0.05209005,0.04960542,0.05486542,0.04021565,0.04551719,0.04367151,0.05311741,0.05424545,0.04463501,0.04650456]"
final_eval,val,best_val_recall8,,15,device-00000068,2026-05-02 22:13:22,剪映|抖音,"[12,8]",2,日历,8,哔哩哔哩,7,0.07201493,8,"[""哔哩哔哩"",""华为视频"",""WPS""]","[7,5,0]","[0.07201493,0.07090363,0.0692896]","[0.28751352,0.27196169,0.24893491]","[0.24893491,-0.01776576,-0.15368822,-0.07251809,-0.03098595,0.27196169,0.1312155,0.28751352,-0.03163898,0.03742531,-0.07364561,-0.09388542,-0.25034481,-0.08987886,-0.12685302,-0.19285141,-0.09247944,-0.31120202,-0.20466843]","[0.0692896,0.05306906,0.04632453,0.05024152,0.0523721,0.07090363,0.06159467,0.07201493,0.05233791,0.05608033,0.0501849,0.04917938,0.04205655,0.04937682,0.04758449,0.04454538,0.04924858,0.03957343,0.04402209]"
final_eval,val,best_val_recall8,,16,device-00000068,2026-05-02 22:13:22,剪映|抖音|日历,"[12,8,9]",3,小红书,10,WPS,0,0.0804961,10,"[""WPS"",""华为视频"",""哔哩哔哩""]","[0,5,7]","[0.0804961,0.07223187,0.06776259]","[0.39093924,0.28261203,0.21874085]","[0.39093924,0.05888311,-0.01760117,2.722e-05,-0.00488087,0.28261203,0.06052307,0.21874085,-0.10720663,-0.04472088,-0.08417156,-0.18744022,-0.29020703,-0.22976527,-0.22901773,-0.12923171,-0.15066625,-0.30615789,-0.22411373]","[0.0804961,0.05775169,0.05349929,0.05445075,0.05418416,0.07223187,0.05784647,0.06776259,0.04891396,0.05206789,0.05005377,0.04514273,0.04073397,0.04327193,0.04330429,0.0478484,0.04683371,0.04008938,0.04351718]"
final_eval,val,best_val_recall8,,17,device-00000068,2026-05-02 22:15:52,剪映|抖音|日历|小红书,"[12,8,9,14]",4,备忘录,2,WPS,0,0.08165853,7,"[""WPS"",""华为视频"",""哔哩哔哩""]","[0,5,7]","[0.08165853,0.07086387,0.06799003]","[0.38931286,0.24752727,0.20612764]","[0.38931286,-0.05457228,-0.03449455,0.01573827,-0.07189736,0.24752727,0.02594626,0.20612764,-0.00302815,-0.04208555,-0.05227169,-0.29221418,-0.28967866,-0.24333611,-0.31558856,-0.20459738,-0.1002697,-0.23444492,-0.24913666]","[0.08165853,0.05238714,0.05344959,0.05620308,0.05148734,0.07086387,0.05677974,0.06799003,0.05515819,0.05304538,0.0525078,0.04130648,0.04141134,0.04337561,0.04035215,0.04508889,0.05004706,0.04376299,0.04312474]"
final_eval,val,best_val_recall8,,18,device-00000068,2026-05-02 22:29:16,剪映|抖音|日历|小红书|备忘录,"[12,8,9,14,4]",5,华为浏览器,1,WPS,0,0.09389652,4,"[""WPS"",""华为视频"",""哔哩哔哩""]","[0,5,7]","[0.09389652,0.06490883,0.062371]","[0.54265708,0.17344742,0.13356423]","[0.54265708,0.11163619,0.06692439,-0.03061261,0.02124274,0.17344742,0.06661194,0.13356423,0.06054939,0.04391258,-0.0562885,-0.41011372,-0.40971529,-0.37342271,-0.35285172,-0.13045511,-0.19945557,-0.19272937,-0.31317192]","[0.09389652,0.06101821,0.05835007,0.05292753,0.05574451,0.06490883,0.05833184,0.062371,0.05797927,0.05702266,0.05158586,0.03621315,0.03622759,0.03756653,0.03834732,0.04789835,0.04470479,0.04500649,0.03989952]"
final_eval,val,best_val_recall8,,19,device-00000076,2026-05-04 17:34:14,华为浏览器,[3],1,海泰浏览器,11,WPS,0,0.0809985,13,"[""WPS"",""微信"",""华为浏览器""]","[0,3,1]","[0.0809985,0.06947647,0.06564708]","[0.40398413,0.25054166,0.19384673]","[0.40398413,0.19384673,0.02805375,0.25054166,-0.01133633,-0.07104757,0.04564459,0.11761377,-0.06556895,-0.02245101,-0.20272967,-0.12861072,-0.27762192,-0.2018494,-0.26994151,-0.07231759,-0.12073218,-0.21187642,-0.22190216]","[0.0809985,0.06564708,0.05561763,0.06947647,0.05346943,0.05037016,0.05660464,0.06082861,0.05064688,0.05287843,0.04415547,0.04755256,0.04096936,0.04419435,0.04128524,0.05030623,0.04792869,0.04375343,0.04331696]"
final_eval,val,best_val_recall8,,20,device-00000076,2026-05-04 18:02:32,华为浏览器|海泰浏览器,"[3,13]",2,备忘录,2,WPS,0,0.07018587,5,"[""WPS"",""微信"",""抖音""]","[0,3,6]","[0.07018587,0.06503436,0.06122546]","[0.24329413,0.16706289,0.10671014]","[0.24329413,0.04405542,0.06809455,0.16706289,0.02679607,0.01673495,0.10671014,0.09842227,-0.09527286,-0.07641003,-0.23667008,-0.08925615,-0.1628609,-0.20126051,-0.25592104,-0.08331314,-0.16300032,-0.21274385,-0.24786548]","[0.07018587,0.05750709,0.05890626,0.06503436,0.05652307,0.05595724,0.06122546,0.06072012,0.05002786,0.05098048,0.0434314,0.05032977,0.04675831,0.04499685,0.0426033,0.05062977,0.04675179,0.04448309,0.04294788]"
final_eval,val,best_val_recall8,,21,device-00000076,2026-05-30 11:25:06,剪映,[12],1,华为视频,5,哔哩哔哩,7,0.07159819,5,"[""哔哩哔哩"",""WPS"",""抖音""]","[7,0,6]","[0.07159819,0.06708288,0.05989622]","[0.27229783,0.20715699,0.09384151]","[0.20715699,-0.08862891,0.06548807,0.04052987,-0.09314721,0.06237307,0.09384151,0.27229783,-0.20737019,-0.04579804,-0.09467184,0.00611129,-0.3045156,-0.18068199,-0.22207597,-0.02626714,-0.00525284,-0.20025352,-0.15922168]","[0.06708288,0.04990609,0.05822181,0.05678668,0.0496811,0.05804073,0.05989622,0.07159819,0.04431848,0.05209005,0.04960542,0.05486542,0.04021565,0.04551719,0.04367151,0.05311741,0.05424545,0.04463501,0.04650456]"
final_eval,val,best_val_recall8,,22,device-00000120,2026-05-01 20:03:39,微信,[5],1,华为音乐,4,WPS,0,0.08571474,3,"[""WPS"",""华为浏览器"",""华为音乐""]","[0,1,4]","[0.08571474,0.08265866,0.06150256]","[0.44846028,0.41215512,0.11651426]","[0.44846028,0.41215512,0.09868817,0.03281443,0.11651426,-0.02869501,0.0948637,0.06621234,-0.1815924,0.01174656,-0.2216123,-0.16876906,-0.24092408,-0.27406815,-0.33071974,-0.17459321,-0.26061139,-0.32061225,-0.35657457]","[0.08571474,0.08265866,0.06041592,0.05656435,0.06150256,0.05318995,0.06018531,0.05848538,0.04564856,0.05538512,0.04385778,0.0462377,0.04301893,0.04161648,0.03932438,0.04596918,0.04218029,0.03972387,0.03832069]"
final_eval,val,best_val_recall8,,23,device-00000120,2026-05-01 21:37:18,抖音,[8],1,华为浏览器,1,华为视频,5,0.06638682,8,"[""华为视频"",""哔哩哔哩"",""WPS""]","[5,7,0]","[0.06638682,0.0638495,0.0610066]","[0.2217771,0.18280734,0.13726062]","[0.13726062,0.0314508,-0.20174867,-0.12062489,-0.00855645,0.2217771,0.0794245,0.18280734,0.10505957,0.11407757,0.01702792,-0.17092037,-0.10159802,0.03488373,-0.00179338,-0.1527957,-0.09104487,-0.27517071,-0.17666665]","[0.0610066,0.05488128,0.04346573,0.04713881,0.05272897,0.06638682,0.05757831,0.0638495,0.05907341,0.05960855,0.05409541,0.04482657,0.04804429,0.05507,0.05308679,0.04564645,0.048554,0.04038873,0.04456972]"
final_eval,val,best_val_recall8,,24,device-00000120,2026-05-01 21:40:50,抖音|华为浏览器,"[8,3]",2,钉钉,13,WPS,0,0.07979444,14,"[""WPS"",""微信"",""华为浏览器""]","[0,3,1]","[0.07979444,0.06560816,0.06254169]","[0.38887513,0.19312125,0.14525455]","[0.38887513,0.14525455,-0.12984961,0.19312125,-0.00834248,0.14137226,0.08688245,0.14426249,0.07793745,-0.07383112,-0.14186083,-0.25778872,-0.28195387,-0.16074121,-0.12428731,-0.17639601,-0.15911686,-0.26242131,-0.25244826]","[0.07979444,0.06254169,0.04749997,0.06560816,0.05363685,0.06229935,0.0589955,0.06247967,0.05847014,0.05023679,0.04693285,0.04179556,0.04079767,0.04605506,0.04776492,0.04533969,0.04612993,0.04160238,0.04201936]"
final_eval,val,best_val_recall8,,25,device-00000120,2026-05-02 23:40:55,华为视频,[7],1,钉钉,13,WPS,0,0.06934109,17,"[""WPS"",""华为视频"",""哔哩哔哩""]","[0,5,7]","[0.06934109,0.06846151,0.06066411]","[0.29817939,0.28541347,0.1644941]","[0.29817939,0.04557058,-0.02868778,0.14289367,0.14310259,0.28541347,0.16163646,0.1644941,0.09409276,0.10849963,-0.07100647,-0.28519806,-0.10359421,-0.2001144,-0.1188909,-0.02399483,-0.03915326,-0.16259456,-0.2468778]","[0.06934109,0.05386219,0.05000737,0.05936779,0.0593802,0.06846151,0.060491,0.06066411,0.05654015,0.05736061,0.04793528,0.03869306,0.04639836,0.04212932,0.04569401,0.05024261,0.04948675,0.04374003,0.04020456]"
final_eval,val,best_val_recall8,,26,device-00000120,2026-05-02 23:41:10,华为视频|钉钉,"[7,15]",2,华为视频,5,WPS,0,0.06885587,2,"[""WPS"",""华为视频"",""华为音乐""]","[0,5,4]","[0.06885587,0.06840551,0.06368593]","[0.26535356,0.25879136,0.18730178]","[0.26535356,-0.00748811,-0.01750526,0.18184441,0.18730178,0.25879136,0.02593674,0.17929898,0.0584375,-0.03299744,-0.12021598,-0.29667282,-0.04625021,-0.27555969,-0.11887135,0.0223154,-0.10888693,-0.18656114,-0.32129386]","[0.06885587,0.05241401,0.05189159,0.06333932,0.06368593,0.06840551,0.05419555,0.0631783,0.05598588,0.05109387,0.04682634,0.03925148,0.0504212,0.04008901,0.04688936,0.05399964,0.04735986,0.04382046,0.03829687]"
final_eval,val,best_val_recall8,,27,device-00000120,2026-05-02 23:41:33,华为视频|钉钉|华为视频,"[7,15,7]",3,钉钉,13,WPS,0,0.07717469,17,"[""WPS"",""华为视频"",""微信""]","[0,5,3]","[0.07717469,0.07435618,0.06376927]","[0.41453409,0.37732938,0.22373384]","[0.41453409,0.08372766,-0.0462729,0.22373384,0.22300729,0.37732938,0.1979166,0.20186546,0.19895664,0.03464682,-0.09740601,-0.38144711,-0.1062609,-0.32880348,-0.15328112,-0.02007546,-0.11745404,-0.27916116,-0.34505025]","[0.07717469,0.05543799,0.04867982,0.06376927,0.06372295,0.07435618,0.06214399,0.06238987,0.06220865,0.05278274,0.04625324,0.03481647,0.04584548,0.03669843,0.04373971,0.04997196,0.04533518,0.0385662,0.03610702]"
final_eval,val,best_val_recall8,,28,device-00000120,2026-05-03 00:15:50,华为视频|钉钉|华为视频|钉钉,"[7,15,7,15]",4,日历,8,WPS,0,0.07311721,6,"[""WPS"",""华为视频"",""华为音乐""]","[0,5,4]","[0.07311721,0.07229333,0.06724671]","[0.33133304,0.32000116,0.24763742]","[0.33133304,0.02686135,-0.02901278,0.24528247,0.24763742,0.32000116,0.05299537,0.19461721,0.08642926,-0.08045954,-0.11522281,-0.37533131,-0.04780092,-0.34642509,-0.13599563,0.01062637,-0.15451591,-0.24210984,-0.39260086]","[0.07311721,0.05392488,0.05099451,0.06708854,0.06724671,0.07229333,0.05535274,0.06377415,0.05723468,0.04843735,0.04678244,0.03606776,0.05004536,0.03712556,0.04582066,0.05305649,0.04497986,0.04120753,0.03545024]"
final_eval,val,best_val_recall8,,29,device-00000127,2026-05-08 13:08:55,华为浏览器,[3],1,抖音,6,WPS,0,0.0809985,5,"[""WPS"",""微信"",""华为浏览器""]","[0,3,1]","[0.0809985,0.06947647,0.06564708]","[0.40398413,0.25054166,0.19384673]","[0.40398413,0.19384673,0.02805375,0.25054166,-0.01133633,-0.07104757,0.04564459,0.11761377,-0.06556895,-0.02245101,-0.20272967,-0.12861072,-0.27762192,-0.2018494,-0.26994151,-0.07231759,-0.12073218,-0.21187642,-0.22190216]","[0.0809985,0.06564708,0.05561763,0.06947647,0.05346943,0.05037016,0.05660464,0.06082861,0.05064688,0.05287843,0.04415547,0.04755256,0.04096936,0.04419435,0.04128524,0.05030623,0.04792869,0.04375343,0.04331696]"
final_eval,val,best_val_recall8,,30,device-00000127,2026-05-08 14:23:31,微信,[5],1,哔哩哔哩,7,WPS,0,0.08571474,6,"[""WPS"",""华为浏览器"",""华为音乐""]","[0,1,4]","[0.08571474,0.08265866,0.06150256]","[0.44846028,0.41215512,0.11651426]","[0.44846028,0.41215512,0.09868817,0.03281443,0.11651426,-0.02869501,0.0948637,0.06621234,-0.1815924,0.01174656,-0.2216123,-0.16876906,-0.24092408,-0.27406815,-0.33071974,-0.17459321,-0.26061139,-0.32061225,-0.35657457]","[0.08571474,0.08265866,0.06041592,0.05656435,0.06150256,0.05318995,0.06018531,0.05848538,0.04564856,0.05538512,0.04385778,0.0462377,0.04301893,0.04161648,0.03932438,0.04596918,0.04218029,0.03972387,0.03832069]"
final_eval,val,best_val_recall8,,31,device-00000127,2026-05-08 14:24:01,微信|哔哩哔哩,"[5,10]",2,华为音乐,4,WPS,0,0.08639618,3,"[""WPS"",""华为浏览器"",""华为音乐""]","[0,1,4]","[0.08639618,0.07053883,0.06420771]","[0.4752937,0.27251351,0.1784735]","[0.4752937,0.27251351,0.09964184,0.03951731,0.1784735,0.01970989,0.1373677,0.10637911,-0.13918625,-0.02622627,-0.24957353,-0.22771248,-0.08748031,-0.26396745,-0.32169348,-0.07288789,-0.093986,-0.30881125,-0.39630401]","[0.08639618,0.07053883,0.05934048,0.0558778,0.06420771,0.05478189,0.06162191,0.05974162,0.0467336,0.05232234,0.04184935,0.04277429,0.04921357,0.04125129,0.03893744,0.04993698,0.04889444,0.03944229,0.03613803]"
final_eval,val,best_val_recall8,,32,device-00000127,2026-05-08 14:25:29,微信|哔哩哔哩|华为音乐,"[5,10,6]",3,华为视频,5,WPS,0,0.0877298,4,"[""WPS"",""华为浏览器"",""华为音乐""]","[0,1,4]","[0.0877298,0.07018309,0.06395172]","[0.49088275,0.26772851,0.17474952]","[0.49088275,0.26772851,0.13118732,-0.01519499,0.17474952,0.13755184,0.12035962,0.09639035,-0.13947095,-0.04736856,-0.20789647,-0.233428,-0.14804468,-0.29537997,-0.32221845,-0.12954687,-0.0692656,-0.28132245,-0.40938255]","[0.0877298,0.07018309,0.06122565,0.0528884,0.06395172,0.06161657,0.06056629,0.05913182,0.04670765,0.05121387,0.04361855,0.042519,0.0463089,0.0399648,0.03890647,0.04717349,0.05010463,0.04053057,0.03565881]"
final_eval,val,best_val_recall8,,33,device-00000127,2026-05-09 17:38:11,WPS,[2],1,日历,8,华为浏览器,1,0.09829451,16,"[""华为浏览器"",""WPS"",""备忘录""]","[1,0,2]","[0.09829451,0.08595993,0.08561739]","[0.57226902,0.43818206,0.43418935]","[0.43818206,0.57226902,0.43418935,0.23850346,-0.00260794,-0.18443407,-0.03422632,-0.14791572,-0.39595559,-0.10415498,-0.1312293,-0.17662209,-0.23388727,-0.51968086,-0.45018718,-0.30580646,-0.26028425,-0.24594435,-0.45404679]","[0.08595993,0.09829451,0.08561739,0.07040066,0.05531761,0.04612085,0.05359592,0.04783624,0.03732799,0.04997607,0.04864115,0.04648256,0.04389551,0.03298385,0.03535755,0.04084942,0.04275196,0.04336943,0.03522135]"
final_eval,val,best_val_recall8,,34,device-00000219,2026-05-01 15:27:05,华为音乐,[6],1,日历,8,WPS,0,0.06760579,13,"[""WPS"",""华为视频"",""哔哩哔哩""]","[0,5,7]","[0.06760579,0.06420808,0.05801192]","[0.238914,0.18734938,0.08586904]","[0.238914,0.05297065,0.02051903,0.00647135,0.0255587,0.18734938,0.01990644,0.08586904,-0.09646695,0.0306989,0.03073226,-0.14133199,-0.07435831,-0.10631856,-0.17755884,-0.13306344,0.05319493,-0.14382206,-0.23478298]","[0.06760579,0.05613448,0.05434207,0.05358402,0.05461662,0.06420808,0.05430879,0.05801192,0.04834257,0.05489808,0.05489992,0.04622162,0.04942327,0.04786866,0.04457712,0.04660539,0.05614707,0.04610667,0.04209785]"
final_eval,val,best_val_recall8,,35,device-00000219,2026-05-01 15:32:30,华为音乐|日历,"[6,9]",2,微信,3,WPS,0,0.08221323,5,"[""WPS"",""华为浏览器"",""华为视频""]","[0,1,5]","[0.08221323,0.0662447,0.06583761]","[0.43809807,0.22213724,0.21597323]","[0.43809807,0.22213724,0.13452947,0.10344897,0.1004296,0.21597323,-0.0253174,0.0612502,-0.13470033,-0.00253996,0.01520391,-0.21152437,-0.12883945,-0.21909508,-0.33618486,-0.16169676,-0.06966123,-0.2113151,-0.31717759]","[0.08221323,0.0662447,0.0606881,0.0588309,0.05865353,0.06583761,0.05172291,0.05639996,0.04636375,0.05291454,0.05386183,0.04293527,0.04663628,0.04261145,0.03790312,0.04512883,0.04947942,0.04294426,0.03863044]"
final_eval,val,best_val_recall8,,36,device-00000219,2026-05-01 15:33:26,华为音乐|日历|微信,"[6,9,5]",3,备忘录,2,WPS,0,0.08942398,5,"[""WPS"",""华为浏览器"",""华为音乐""]","[0,1,4]","[0.08942398,0.08346154,0.06773421]","[0.52854908,0.45954612,0.25075164]","[0.52854908,0.45954612,0.16265635,0.15483858,0.25075164,0.1869538,0.02835028,0.05403936,-0.18195896,-0.02097772,-0.04750931,-0.24926916,-0.17920074,-0.31073314,-0.40895617,-0.25845218,-0.19928247,-0.29829445,-0.41609108]","[0.08942398,0.08346154,0.06202243,0.06153945,0.06773421,0.06354788,0.0542276,0.0556387,0.04394245,0.05161757,0.05026608,0.04108202,0.04406382,0.03863299,0.03501875,0.04070649,0.04318777,0.03911654,0.03476978]"
final_eval,val,best_val_recall8,,37,device-00000219,2026-05-09 20:34:26,小红书,[14],1,抖音,6,哔哩哔哩,7,0.06432129,6,"[""哔哩哔哩"",""WPS"",""华为邮箱""]","[7,0,9]","[0.06432129,0.06377723,0.06236688]","[0.17651232,0.16801785,0.1456559]","[0.16801785,-0.18998936,-0.0703953,0.0208609,-0.05961819,0.07685486,0.04695208,0.17651232,0.032841,0.1456559,-0.0061837,-0.1425973,-0.13067964,-0.02368091,-0.29834348,-0.03693882,0.0637308,-0.14015351,-0.25349635]","[0.06377723,0.04458462,0.05024862,0.05504986,0.05079309,0.05822026,0.05650508,0.06432129,0.05571333,0.06236688,0.05358101,0.04674846,0.04730892,0.05265165,0.04000622,0.0519582,0.05746116,0.04686283,0.04184122]"
final_eval,val,best_val_recall8,,38,device-00000219,2026-05-09 21:29:55,小红书|抖音,"[14,8]",2,哔哩哔哩,7,华为视频,5,0.07132325,2,"[""华为视频"",""哔哩哔哩"",""华为邮箱""]","[5,7,9]","[0.07132325,0.06869306,0.06418624]","[0.29817286,0.2605986,0.19273925]","[0.17761949,-0.07206459,-0.2233661,-0.09089492,0.03734828,0.29817286,0.13799098,0.2605986,0.08533431,0.19273925,-0.00306002,-0.1691674,-0.11699551,0.05388548,-0.17484778,-0.1568858,-0.07611335,-0.27712002,-0.28036457]","[0.06322306,0.04925372,0.04233793,0.04833494,0.05494858,0.07132325,0.06076661,0.06869306,0.05764963,0.06418624,0.05277247,0.04469592,0.04708968,0.05586483,0.04444275,0.04524824,0.04905471,0.04012218,0.03999222]"
final_eval,val,best_val_recall8,,39,device-00000238,2026-05-17 14:34:53,华为音乐,[6],1,微信,3,WPS,0,0.06760579,11,"[""WPS"",""华为视频"",""哔哩哔哩""]","[0,5,7]","[0.06760579,0.06420808,0.05801192]","[0.238914,0.18734938,0.08586904]","[0.238914,0.05297065,0.02051903,0.00647135,0.0255587,0.18734938,0.01990644,0.08586904,-0.09646695,0.0306989,0.03073226,-0.14133199,-0.07435831,-0.10631856,-0.17755884,-0.13306344,0.05319493,-0.14382206,-0.23478298]","[0.06760579,0.05613448,0.05434207,0.05358402,0.05461662,0.06420808,0.05430879,0.05801192,0.04834257,0.05489808,0.05489992,0.04622162,0.04942327,0.04786866,0.04457712,0.04660539,0.05614707,0.04610667,0.04209785]"
final_eval,val,best_val_recall8,,40,device-00000238,2026-05-17 14:57:38,华为音乐|微信,"[6,5]",2,华为浏览器,1,WPS,0,0.08382976,2,"[""WPS"",""华为浏览器"",""华为音乐""]","[0,1,4]","[0.08382976,0.0786856,0.06533507]","[0.45272893,0.38940108,0.20346981]","[0.45272893,0.38940108,0.11474198,0.08817964,0.20346981,0.18015651,0.07276746,0.06504381,-0.15222658,-0.00146014,-0.10335623,-0.21625757,-0.17291176,-0.27412951,-0.34910506,-0.22766018,-0.1718937,-0.30460158,-0.3799341]","[0.08382976,0.0786856,0.05978777,0.05822058,0.06533507,0.06382951,0.05733015,0.05688905,0.04577933,0.05322877,0.04807214,0.04293991,0.0448421,0.04052543,0.03759812,0.04245306,0.04488777,0.03930916,0.03645669]"
final_eval,val,best_val_recall8,,41,device-00000238,2026-05-17 15:00:12,华为音乐|微信|华为浏览器,"[6,5,3]",3,备忘录,2,WPS,0,0.10177499,6,"[""WPS"",""华为浏览器"",""微信""]","[0,1,3]","[0.10177499,0.08292478,0.07265378]","[0.6487394,0.44390899,0.31168035]","[0.6487394,0.44390899,0.10438064,0.31168035,0.11757616,0.12696406,0.08336774,0.03576132,-0.17364483,-0.16576177,-0.21021536,-0.29351825,-0.22031699,-0.32318878,-0.3816894,-0.21325551,-0.20992948,-0.33456814,-0.38634598]","[0.10177499,0.08292478,0.05905125,0.07265378,0.05983562,0.06039999,0.05782336,0.05513509,0.04471818,0.04507209,0.04311236,0.03966649,0.04267904,0.03850685,0.0363188,0.04298149,0.04312468,0.03807115,0.03615007]"
final_eval,val,best_val_recall8,,42,device-00000238,2026-05-18 21:07:55,哔哩哔哩,[10],1,抖音,6,中望CAD,16,0.06170132,11,"[""中望CAD"",""WPS"",""华为音乐""]","[16,0,4]","[0.06170132,0.06125453,0.06096523]","[0.17013587,0.16286834,0.15813416]","[0.16286834,-0.06946307,0.03221462,0.04134975,0.15813416,0.05780338,0.01809486,0.14868805,-0.02365379,0.1130351,0.00750798,-0.12248217,0.02843578,-0.13768506,-0.19063416,0.05727087,0.17013587,-0.15145665,-0.22342873]","[0.06125453,0.04855545,0.05375218,0.05424546,0.06096523,0.05514538,0.05299854,0.06039206,0.05083147,0.05827683,0.05244041,0.04604814,0.05354944,0.04535337,0.04301441,0.05511602,0.06170132,0.04473306,0.04162666]"
final_eval,val,best_val_recall8,,43,device-00000238,2026-05-25 20:57:46,华为邮箱,[11],1,日历,8,抖音,6,0.06126747,19,"[""抖音"",""海泰浏览器"",""哔哩哔哩""]","[6,11,7]","[0.06126747,0.0603568,0.0572639]","[0.15634371,0.1413683,0.08876499]","[0.06504051,0.02116998,0.01955166,-0.05610375,-0.05253843,-0.02623208,0.15634371,0.08876499,-0.22099677,-0.0297109,0.00456042,0.1413683,-0.08394878,0.00039666,-0.0116505,0.02978157,0.02949294,-0.07606654,0.02093893]","[0.05592133,0.05352107,0.05343452,0.04954105,0.049718,0.05104325,0.06126747,0.0572639,0.04201004,0.05086599,0.05263945,0.0603568,0.04818061,0.05242072,0.05179299,0.05398396,0.05396838,0.04856188,0.0535087]"
final_eval,val,best_val_recall8,,44,device-00000244,2026-05-01 16:45:57,哔哩哔哩,[10],1,小红书,10,中望CAD,16,0.06170132,12,"[""中望CAD"",""WPS"",""华为音乐""]","[16,0,4]","[0.06170132,0.06125453,0.06096523]","[0.17013587,0.16286834,0.15813416]","[0.16286834,-0.06946307,0.03221462,0.04134975,0.15813416,0.05780338,0.01809486,0.14868805,-0.02365379,0.1130351,0.00750798,-0.12248217,0.02843578,-0.13768506,-0.19063416,0.05727087,0.17013587,-0.15145665,-0.22342873]","[0.06125453,0.04855545,0.05375218,0.05424546,0.06096523,0.05514538,0.05299854,0.06039206,0.05083147,0.05827683,0.05244041,0.04604814,0.05354944,0.04535337,0.04301441,0.05511602,0.06170132,0.04473306,0.04162666]"
final_eval,val,best_val_recall8,,45,device-00000244,2026-05-01 17:14:24,哔哩哔哩|小红书,"[10,14]",2,华为视频,5,WPS,0,0.06483552,5,"[""WPS"",""哔哩哔哩"",""华为邮箱""]","[0,7,9]","[0.06483552,0.06350224,0.06292342]","[0.20471126,0.183933,0.17477608]","[0.20471126,-0.1563701,-0.01172237,0.08803017,0.11963979,0.12903889,0.02062501,0.183933,0.05911354,0.17477608,0.02802962,-0.18163401,-0.03896492,-0.14388901,-0.36950114,-0.07648674,0.14135946,-0.19408232,-0.29811734]","[0.06483552,0.04518532,0.05221762,0.05769511,0.05954796,0.0601103,0.05393434,0.06350224,0.05605066,0.06292342,0.05433518,0.04405806,0.05081428,0.04575281,0.03651201,0.04894296,0.06085547,0.04351301,0.03921365]"
final_eval,val,best_val_recall8,,46,device-00000244,2026-05-05 23:57:08,WPS,[2],1,微信,3,华为浏览器,1,0.09829451,4,"[""华为浏览器"",""WPS"",""备忘录""]","[1,0,2]","[0.09829451,0.08595993,0.08561739]","[0.57226902,0.43818206,0.43418935]","[0.43818206,0.57226902,0.43418935,0.23850346,-0.00260794,-0.18443407,-0.03422632,-0.14791572,-0.39595559,-0.10415498,-0.1312293,-0.17662209,-0.23388727,-0.51968086,-0.45018718,-0.30580646,-0.26028425,-0.24594435,-0.45404679]","[0.08595993,0.09829451,0.08561739,0.07040066,0.05531761,0.04612085,0.05359592,0.04783624,0.03732799,0.04997607,0.04864115,0.04648256,0.04389551,0.03298385,0.03535755,0.04084942,0.04275196,0.04336943,0.03522135]"
final_eval,val,best_val_recall8,,47,device-00000275,2026-05-01 12:19:00,WPS,[2],1,华为浏览器,1,华为浏览器,1,0.09829451,1,"[""华为浏览器"",""WPS"",""备忘录""]","[1,0,2]","[0.09829451,0.08595993,0.08561739]","[0.57226902,0.43818206,0.43418935]","[0.43818206,0.57226902,0.43418935,0.23850346,-0.00260794,-0.18443407,-0.03422632,-0.14791572,-0.39595559,-0.10415498,-0.1312293,-0.17662209,-0.23388727,-0.51968086,-0.45018718,-0.30580646,-0.26028425,-0.24594435,-0.45404679]","[0.08595993,0.09829451,0.08561739,0.07040066,0.05531761,0.04612085,0.05359592,0.04783624,0.03732799,0.04997607,0.04864115,0.04648256,0.04389551,0.03298385,0.03535755,0.04084942,0.04275196,0.04336943,0.03522135]"
final_eval,val,best_val_recall8,,48,device-00000275,2026-05-26 09:54:20,WPS,[2],1,华为视频,5,华为浏览器,1,0.09829451,11,"[""华为浏览器"",""WPS"",""备忘录""]","[1,0,2]","[0.09829451,0.08595993,0.08561739]","[0.57226902,0.43818206,0.43418935]","[0.43818206,0.57226902,0.43418935,0.23850346,-0.00260794,-0.18443407,-0.03422632,-0.14791572,-0.39595559,-0.10415498,-0.1312293,-0.17662209,-0.23388727,-0.51968086,-0.45018718,-0.30580646,-0.26028425,-0.24594435,-0.45404679]","[0.08595993,0.09829451,0.08561739,0.07040066,0.05531761,0.04612085,0.05359592,0.04783624,0.03732799,0.04997607,0.04864115,0.04648256,0.04389551,0.03298385,0.03535755,0.04084942,0.04275196,0.04336943,0.03522135]"
final_eval,val,best_val_recall8,,49,device-00000310,2026-05-17 13:59:28,WPS,[2],1,华为浏览器,1,华为浏览器,1,0.09829451,1,"[""华为浏览器"",""WPS"",""备忘录""]","[1,0,2]","[0.09829451,0.08595993,0.08561739]","[0.57226902,0.43818206,0.43418935]","[0.43818206,0.57226902,0.43418935,0.23850346,-0.00260794,-0.18443407,-0.03422632,-0.14791572,-0.39595559,-0.10415498,-0.1312293,-0.17662209,-0.23388727,-0.51968086,-0.45018718,-0.30580646,-0.26028425,-0.24594435,-0.45404679]","[0.08595993,0.09829451,0.08561739,0.07040066,0.05531761,0.04612085,0.05359592,0.04783624,0.03732799,0.04997607,0.04864115,0.04648256,0.04389551,0.03298385,0.03535755,0.04084942,0.04275196,0.04336943,0.03522135]"
final_eval,val,best_val_recall8,,50,device-00000333,2026-05-01 12:45:08,哔哩哔哩,[10],1,小红书,10,中望CAD,16,0.06170132,12,"[""中望CAD"",""WPS"",""华为音乐""]","[16,0,4]","[0.06170132,0.06125453,0.06096523]","[0.17013587,0.16286834,0.15813416]","[0.16286834,-0.06946307,0.03221462,0.04134975,0.15813416,0.05780338,0.01809486,0.14868805,-0.02365379,0.1130351,0.00750798,-0.12248217,0.02843578,-0.13768506,-0.19063416,0.05727087,0.17013587,-0.15145665,-0.22342873]","[0.06125453,0.04855545,0.05375218,0.05424546,0.06096523,0.05514538,0.05299854,0.06039206,0.05083147,0.05827683,0.05244041,0.04604814,0.05354944,0.04535337,0.04301441,0.05511602,0.06170132,0.04473306,0.04162666]"
final_eval,val,best_val_recall8,,51,device-00000333,2026-05-01 12:45:36,哔哩哔哩|小红书,"[10,14]",2,哔哩哔哩,7,WPS,0,0.06483552,2,"[""WPS"",""哔哩哔哩"",""华为邮箱""]","[0,7,9]","[0.06483552,0.06350224,0.06292342]","[0.20471126,0.183933,0.17477608]","[0.20471126,-0.1563701,-0.01172237,0.08803017,0.11963979,0.12903889,0.02062501,0.183933,0.05911354,0.17477608,0.02802962,-0.18163401,-0.03896492,-0.14388901,-0.36950114,-0.07648674,0.14135946,-0.19408232,-0.29811734]","[0.06483552,0.04518532,0.05221762,0.05769511,0.05954796,0.0601103,0.05393434,0.06350224,0.05605066,0.06292342,0.05433518,0.04405806,0.05081428,0.04575281,0.03651201,0.04894296,0.06085547,0.04351301,0.03921365]"
final_eval,val,best_val_recall8,,52,device-00000333,2026-05-01 15:28:15,小红书,[14],1,哔哩哔哩,7,哔哩哔哩,7,0.06432129,1,"[""哔哩哔哩"",""WPS"",""华为邮箱""]","[7,0,9]","[0.06432129,0.06377723,0.06236688]","[0.17651232,0.16801785,0.1456559]","[0.16801785,-0.18998936,-0.0703953,0.0208609,-0.05961819,0.07685486,0.04695208,0.17651232,0.032841,0.1456559,-0.0061837,-0.1425973,-0.13067964,-0.02368091,-0.29834348,-0.03693882,0.0637308,-0.14015351,-0.25349635]","[0.06377723,0.04458462,0.05024862,0.05504986,0.05079309,0.05822026,0.05650508,0.06432129,0.05571333,0.06236688,0.05358101,0.04674846,0.04730892,0.05265165,0.04000622,0.0519582,0.05746116,0.04686283,0.04184122]"
final_eval,val,best_val_recall8,,53,device-00000333,2026-05-01 15:55:30,小红书|哔哩哔哩,"[14,10]",2,华为浏览器,1,WPS,0,0.06550192,17,"[""WPS"",""哔哩哔哩"",""中望CAD""]","[0,7,16]","[0.06550192,0.06503272,0.06202646]","[0.22476357,0.2175746,0.17024511]","[0.22476357,-0.194217,0.01348235,0.03655516,0.10753543,0.10786396,0.11159579,0.2175746,0.01184122,0.10632782,-0.02173973,-0.16880134,-0.02353032,-0.08024017,-0.28772348,0.07793412,0.17024511,-0.18391916,-0.35102278]","[0.06550192,0.04308173,0.05302684,0.05426455,0.05825625,0.05827539,0.05849327,0.06503272,0.05293989,0.05818594,0.05119164,0.04419071,0.05110005,0.04828282,0.03923591,0.05655706,0.06202646,0.04352767,0.03682928]"
final_eval,val,best_val_recall8,,54,device-00000333,2026-05-05 21:18:13,华为视频,[7],1,WPS,0,WPS,0,0.06934109,1,"[""WPS"",""华为视频"",""哔哩哔哩""]","[0,5,7]","[0.06934109,0.06846151,0.06066411]","[0.29817939,0.28541347,0.1644941]","[0.29817939,0.04557058,-0.02868778,0.14289367,0.14310259,0.28541347,0.16163646,0.1644941,0.09409276,0.10849963,-0.07100647,-0.28519806,-0.10359421,-0.2001144,-0.1188909,-0.02399483,-0.03915326,-0.16259456,-0.2468778]","[0.06934109,0.05386219,0.05000737,0.05936779,0.0593802,0.06846151,0.060491,0.06066411,0.05654015,0.05736061,0.04793528,0.03869306,0.04639836,0.04212932,0.04569401,0.05024261,0.04948675,0.04374003,0.04020456]"
final_eval,val,best_val_recall8,,55,device-00000365,2026-05-04 07:58:11,海泰浏览器,[13],1,华为浏览器,1,华为视频,5,0.0592574,18,"[""华为视频"",""抖音"",""WPS""]","[5,6,0]","[0.0592574,0.05877938,0.05876089]","[0.08608423,0.07798489,0.07767017]","[0.07767017,-0.16042776,-0.02800775,0.0594307,-0.0545684,0.08608423,0.07798489,0.05027594,-0.09379466,-0.02171817,-0.02446594,-0.11679433,-0.02839344,-0.0404012,-0.13613491,0.00341327,0.00053446,-0.11299405,-0.22294341]","[0.05876089,0.04631096,0.05286802,0.05769884,0.05148229,0.0592574,0.05877938,0.05717303,0.04950193,0.05320159,0.0530556,0.0483764,0.05284764,0.05221684,0.04744976,0.05455556,0.05439873,0.04856059,0.04350444]"
final_eval,val,best_val_recall8,,56,device-00000365,2026-05-05 09:47:16,备忘录,[4],1,飞书,14,WPS,0,0.08971044,16,"[""WPS"",""华为浏览器"",""备忘录""]","[0,1,2]","[0.08971044,0.07165939,0.06338761]","[0.51290429,0.28824121,0.16558544]","[0.51290429,0.28824121,0.16558544,0.02131892,0.06147591,-0.05240984,-0.01121944,0.0800637,-0.06990828,0.08606992,-0.11832032,-0.28630191,-0.21485159,-0.2854811,-0.27742651,0.00930883,-0.26796556,-0.20078778,-0.27927306]","[0.08971044,0.07165939,0.06338761,0.05487193,0.05712026,0.05097183,0.05311522,0.05819193,0.05008766,0.05854249,0.04772057,0.04034151,0.0433294,0.04037464,0.04070115,0.05421685,0.04108805,0.04394308,0.04062606]"
final_eval,val,best_val_recall8,,57,device-00000365,2026-05-06 10:27:01,微信,[5],1,海泰浏览器,11,WPS,0,0.08571474,10,"[""WPS"",""华为浏览器"",""华为音乐""]","[0,1,4]","[0.08571474,0.08265866,0.06150256]","[0.44846028,0.41215512,0.11651426]","[0.44846028,0.41215512,0.09868817,0.03281443,0.11651426,-0.02869501,0.0948637,0.06621234,-0.1815924,0.01174656,-0.2216123,-0.16876906,-0.24092408,-0.27406815,-0.33071974,-0.17459321,-0.26061139,-0.32061225,-0.35657457]","[0.08571474,0.08265866,0.06041592,0.05656435,0.06150256,0.05318995,0.06018531,0.05848538,0.04564856,0.05538512,0.04385778,0.0462377,0.04301893,0.04161648,0.03932438,0.04596918,0.04218029,0.03972387,0.03832069]"
final_eval,val,best_val_recall8,,58,device-00000449,2026-05-14 17:39:46,日历,[9],1,微信,3,WPS,0,0.07412585,6,"[""WPS"",""华为浏览器"",""备忘录""]","[0,1,2]","[0.07412585,0.06351998,0.06089396]","[0.32611173,0.17170203,0.12948132]","[0.32611173,0.17170203,0.12948132,0.06158218,0.10042461,0.080267,-0.08201488,0.05944824,-0.05858853,-0.03075279,0.00162934,-0.15092644,-0.13801399,-0.17740896,-0.27205986,-0.07478531,-0.09643602,-0.18216586,-0.18440321]","[0.07412585,0.06351998,0.06089396,0.05689655,0.05915004,0.05796965,0.04928588,0.05677527,0.0504541,0.05187826,0.05358569,0.0460039,0.04660177,0.04480159,0.04075558,0.04964349,0.04858023,0.04458898,0.04448933]"
final_eval,val,best_val_recall8,,59,device-00000449,2026-05-14 17:46:19,日历|微信,"[9,5]",2,备忘录,2,WPS,0,0.0887744,4,"[""WPS"",""华为浏览器"",""华为音乐""]","[0,1,4]","[0.0887744,0.08385359,0.06883091]","[0.50745487,0.45042881,0.25300953]","[0.50745487,0.45042881,0.19123361,0.07124298,0.25300953,0.07928318,-0.00427099,0.07429048,-0.13943979,-0.06679737,-0.09957782,-0.21078482,-0.22056423,-0.31815755,-0.39287612,-0.22414392,-0.27334365,-0.29461831,-0.32406396]","[0.0887744,0.08385359,0.0647075,0.05739094,0.06883091,0.05785424,0.05321671,0.0575661,0.04648844,0.04999115,0.04837899,0.04328727,0.04286601,0.03888023,0.03608103,0.04271284,0.04066223,0.0398063,0.03865126]"
final_eval,val,best_val_recall8,,60,device-00000449,2026-05-14 17:49:24,日历|微信|备忘录,"[9,5,4]",3,WPS,0,WPS,0,0.10883765,1,"[""WPS"",""华为浏览器"",""备忘录""]","[0,1,2]","[0.10883765,0.08548328,0.06926452]","[0.71422505,0.47268853,0.26230061]","[0.71422505,0.47268853,0.26230061,0.01893682,0.23550841,0.03969128,-0.03823643,0.02613972,-0.03185162,-0.01707982,-0.16537282,-0.34367225,-0.32124126,-0.43354043,-0.45253977,-0.17703892,-0.36557892,-0.27458411,-0.36078802]","[0.10883765,0.08548328,0.06926452,0.05430244,0.06743342,0.05544123,0.05128487,0.05469498,0.05161337,0.05238144,0.04516215,0.03778681,0.03864398,0.03453909,0.03388907,0.04463835,0.03696803,0.04048972,0.03714556]"
final_eval,val,best_val_recall8,,61,device-00000449,2026-05-14 17:50:07,日历|微信|备忘录|WPS,"[9,5,4,2]",4,华为视频,5,华为浏览器,1,0.10634898,6,"[""华为浏览器"",""WPS"",""备忘录""]","[1,0,2]","[0.10634898,0.10423192,0.10262306]","[0.69307727,0.6729697,0.65741396]","[0.6729697,0.69307727,0.65741396,0.1634203,0.22606346,-0.03252771,-0.07483359,-0.03835351,-0.31895599,-0.15183473,-0.22193436,-0.32820648,-0.33771348,-0.64529991,-0.62394816,-0.22975367,-0.43981075,-0.3290804,-0.53423673]","[0.10423192,0.10634898,0.10262306,0.06261902,0.06666715,0.05147628,0.04934395,0.05117726,0.03865564,0.04568701,0.04259404,0.03829971,0.03793731,0.02789225,0.0284942,0.04226228,0.03425518,0.03826625,0.03116862]"
final_eval,val,best_val_recall8,,62,device-00000449,2026-05-14 17:51:21,日历|微信|备忘录|WPS|华为视频,"[9,5,4,2,7]",5,华为邮箱,9,WPS,0,0.1199149,9,"[""WPS"",""华为浏览器"",""备忘录""]","[0,1,2]","[0.1199149,0.09064474,0.07852621]","[0.83566195,0.55582744,0.41231203]","[0.83566195,0.55582744,0.41231203,0.16938102,0.1944249,0.07129306,0.0420784,0.05372559,-0.08671215,-0.07817578,-0.27609423,-0.37406597,-0.22950011,-0.54448813,-0.50902718,-0.24237242,-0.36211166,-0.35522917,-0.42264]","[0.1199149,0.09064474,0.07852621,0.06159012,0.06315205,0.0558357,0.05422808,0.05486337,0.04767505,0.04808377,0.03944969,0.03576803,0.04133131,0.03016349,0.03125231,0.04080269,0.03619818,0.03644817,0.03407215]"
final_eval,val,best_val_recall8,,63,device-00000469,2026-05-05 21:48:53,微信,[5],1,WPS,0,WPS,0,0.08571474,1,"[""WPS"",""华为浏览器"",""华为音乐""]","[0,1,4]","[0.08571474,0.08265866,0.06150256]","[0.44846028,0.41215512,0.11651426]","[0.44846028,0.41215512,0.09868817,0.03281443,0.11651426,-0.02869501,0.0948637,0.06621234,-0.1815924,0.01174656,-0.2216123,-0.16876906,-0.24092408,-0.27406815,-0.33071974,-0.17459321,-0.26061139,-0.32061225,-0.35657457]","[0.08571474,0.08265866,0.06041592,0.05656435,0.06150256,0.05318995,0.06018531,0.05848538,0.04564856,0.05538512,0.04385778,0.0462377,0.04301893,0.04161648,0.03932438,0.04596918,0.04218029,0.03972387,0.03832069]"
final_eval,val,best_val_recall8,,64,device-00000469,2026-05-05 21:49:08,微信|WPS,"[5,2]",2,微信,3,华为浏览器,1,0.12048184,4,"[""华为浏览器"",""WPS"",""备忘录""]","[1,0,2]","[0.12048184,0.10097448,0.08709082]","[0.78687871,0.61024743,0.46233112]","[0.61024743,0.78687871,0.46233112,0.2071941,0.10339975,-0.16796178,0.06244222,-0.07973612,-0.43187428,-0.08814775,-0.3420493,-0.27041814,-0.32908666,-0.60548443,-0.58961117,-0.31250265,-0.4703162,-0.42272687,-0.57307899]","[0.10097448,0.12048184,0.08709082,0.06747887,0.06082617,0.04637027,0.05838521,0.05064721,0.03561426,0.05022297,0.03896139,0.04185462,0.03946972,0.02993822,0.03041723,0.04012974,0.03427116,0.03594153,0.03092427]"
final_eval,val,best_val_recall8,,65,device-00000469,2026-05-05 21:49:13,微信|WPS|微信,"[5,2,5]",3,WPS,0,WPS,0,0.1275904,1,"[""WPS"",""华为浏览器"",""备忘录""]","[0,1,2]","[0.1275904,0.12523359,0.07755837]","[0.86047661,0.84183222,0.36268222]","[0.86047661,0.84183222,0.36268222,0.15680331,0.08219119,-0.13968077,0.08965087,-0.06354059,-0.39454252,-0.0863472,-0.42299935,-0.28099248,-0.34327769,-0.5562312,-0.6374948,-0.42412817,-0.50977588,-0.47366008,-0.57905471]","[0.1275904,0.12523359,0.07755837,0.0631272,0.05858857,0.0469305,0.05902726,0.05064335,0.03637224,0.04950142,0.03535179,0.04074594,0.03828548,0.03094209,0.02852708,0.03531191,0.03241342,0.03360546,0.03024388]"
final_eval,val,best_val_recall8,,66,device-00000508,2026-05-03 00:13:54,剪映,[12],1,备忘录,2,哔哩哔哩,7,0.07159819,4,"[""哔哩哔哩"",""WPS"",""抖音""]","[7,0,6]","[0.07159819,0.06708288,0.05989622]","[0.27229783,0.20715699,0.09384151]","[0.20715699,-0.08862891,0.06548807,0.04052987,-0.09314721,0.06237307,0.09384151,0.27229783,-0.20737019,-0.04579804,-0.09467184,0.00611129,-0.3045156,-0.18068199,-0.22207597,-0.02626714,-0.00525284,-0.20025352,-0.15922168]","[0.06708288,0.04990609,0.05822181,0.05678668,0.0496811,0.05804073,0.05989622,0.07159819,0.04431848,0.05209005,0.04960542,0.05486542,0.04021565,0.04551719,0.04367151,0.05311741,0.05424545,0.04463501,0.04650456]"
final_eval,val,best_val_recall8,,67,device-00000508,2026-05-03 00:14:10,剪映|备忘录,"[12,4]",2,剪映,12,WPS,0,0.0931424,19,"[""WPS"",""备忘录"",""哔哩哔哩""]","[0,2,7]","[0.0931424,0.06379097,0.06282014]","[0.53909665,0.16057873,0.14524294]","[0.53909665,0.13458639,0.16057873,0.00559958,0.02547288,0.04876006,0.0543848,0.14524294,-0.06829925,0.02074679,-0.13589285,-0.26194099,-0.35185319,-0.34433869,-0.29512206,-0.04487027,-0.22316961,-0.19132958,-0.29487589]","[0.0931424,0.06215425,0.06379097,0.05463269,0.05572928,0.05704229,0.05736404,0.06282014,0.05074097,0.05546652,0.04742455,0.04180817,0.03821314,0.03850138,0.04044369,0.05194381,0.04346097,0.04486703,0.04045365]"
final_eval,val,best_val_recall8,,68,device-00000508,2026-05-03 00:14:10,剪映|备忘录|剪映,"[12,4,12]",3,备忘录,2,WPS,0,0.08691309,3,"[""WPS"",""哔哩哔哩"",""备忘录""]","[0,7,2]","[0.08691309,0.07550193,0.06963778]","[0.4665426,0.32579213,0.24494109]","[0.4665426,0.0916758,0.24494109,0.03341249,-0.04012599,0.07982755,0.10016935,0.32579213,-0.27627143,-0.08527254,-0.14930095,-0.11629208,-0.40948486,-0.2837216,-0.34332824,-0.06650846,-0.19822709,-0.31169423,-0.265899]","[0.08691309,0.05974239,0.06963778,0.05636107,0.05236509,0.05903873,0.06025198,0.07550193,0.04135092,0.05005356,0.04694915,0.04852475,0.03619356,0.041044,0.03866899,0.05100163,0.0447074,0.03991179,0.04178206]"
final_eval,val,best_val_recall8,,69,device-00000508,2026-05-03 01:40:10,哔哩哔哩,[10],1,华为音乐,4,中望CAD,16,0.06170132,3,"[""中望CAD"",""WPS"",""华为音乐""]","[16,0,4]","[0.06170132,0.06125453,0.06096523]","[0.17013587,0.16286834,0.15813416]","[0.16286834,-0.06946307,0.03221462,0.04134975,0.15813416,0.05780338,0.01809486,0.14868805,-0.02365379,0.1130351,0.00750798,-0.12248217,0.02843578,-0.13768506,-0.19063416,0.05727087,0.17013587,-0.15145665,-0.22342873]","[0.06125453,0.04855545,0.05375218,0.05424546,0.06096523,0.05514538,0.05299854,0.06039206,0.05083147,0.05827683,0.05244041,0.04604814,0.05354944,0.04535337,0.04301441,0.05511602,0.06170132,0.04473306,0.04162666]"
final_eval,val,best_val_recall8,,70,device-00000508,2026-05-03 03:22:36,华为邮箱,[11],1,华为浏览器,1,抖音,6,0.06126747,7,"[""抖音"",""海泰浏览器"",""哔哩哔哩""]","[6,11,7]","[0.06126747,0.0603568,0.0572639]","[0.15634371,0.1413683,0.08876499]","[0.06504051,0.02116998,0.01955166,-0.05610375,-0.05253843,-0.02623208,0.15634371,0.08876499,-0.22099677,-0.0297109,0.00456042,0.1413683,-0.08394878,0.00039666,-0.0116505,0.02978157,0.02949294,-0.07606654,0.02093893]","[0.05592133,0.05352107,0.05343452,0.04954105,0.049718,0.05104325,0.06126747,0.0572639,0.04201004,0.05086599,0.05263945,0.0603568,0.04818061,0.05242072,0.05179299,0.05398396,0.05396838,0.04856188,0.0535087]"
final_eval,val,best_val_recall8,,71,device-00000516,2026-05-08 09:51:27,WPS,[2],1,日历,8,华为浏览器,1,0.09829451,16,"[""华为浏览器"",""WPS"",""备忘录""]","[1,0,2]","[0.09829451,0.08595993,0.08561739]","[0.57226902,0.43818206,0.43418935]","[0.43818206,0.57226902,0.43418935,0.23850346,-0.00260794,-0.18443407,-0.03422632,-0.14791572,-0.39595559,-0.10415498,-0.1312293,-0.17662209,-0.23388727,-0.51968086,-0.45018718,-0.30580646,-0.26028425,-0.24594435,-0.45404679]","[0.08595993,0.09829451,0.08561739,0.07040066,0.05531761,0.04612085,0.05359592,0.04783624,0.03732799,0.04997607,0.04864115,0.04648256,0.04389551,0.03298385,0.03535755,0.04084942,0.04275196,0.04336943,0.03522135]"
final_eval,val,best_val_recall8,,72,device-00000516,2026-05-08 09:51:32,WPS|日历,"[2,9]",2,WPS,0,WPS,0,0.11053529,1,"[""WPS"",""华为浏览器"",""备忘录""]","[0,1,2]","[0.11053529,0.09474389,0.08004826]","[0.71269828,0.55854088,0.38999325]","[0.71269828,0.55854088,0.38999325,0.21822435,-0.00822061,-0.04837212,-0.09369233,-0.12449648,-0.36791408,-0.14474627,-0.12252712,-0.19364211,-0.2328524,-0.4575052,-0.46936339,-0.36493385,-0.27510795,-0.26428649,-0.40587321]","[0.11053529,0.09474389,0.08004826,0.06741455,0.05375388,0.05163834,0.04935032,0.0478533,0.03751431,0.04689403,0.04794763,0.04465626,0.04293916,0.03429952,0.03389519,0.03762627,0.04116254,0.0416104,0.03611699]"
final_eval,val,best_val_recall8,,73,device-00000516,2026-05-08 09:51:38,WPS|日历|WPS,"[2,9,2]",3,日历,8,华为浏览器,1,0.12249843,16,"[""华为浏览器"",""WPS"",""备忘录""]","[1,0,2]","[0.12249843,0.11437538,0.10528633]","[0.83262032,0.76400799,0.68120563]","[0.76400799,0.83262032,0.68120563,0.32897249,0.03107312,-0.15943095,-0.0582401,-0.22817585,-0.52218521,-0.19962242,-0.1923117,-0.26809675,-0.32102454,-0.71879232,-0.63244212,-0.45855218,-0.39693233,-0.30206925,-0.60754734]","[0.11437538,0.12249843,0.10528633,0.07402852,0.054957,0.04542429,0.05026142,0.04240652,0.03160429,0.04363482,0.04395499,0.04074696,0.03864639,0.02596334,0.02830493,0.03368073,0.0358214,0.03938593,0.02901841]"
final_eval,val,best_val_recall8,,74,device-00000516,2026-05-08 10:28:55,WPS|日历|WPS|日历,"[2,9,2,9]",4,WPS,0,WPS,0,0.13722657,1,"[""WPS"",""华为浏览器"",""备忘录""]","[0,1,2]","[0.13722657,0.1056753,0.09122591]","[0.95002276,0.68876058,0.54172838]","[0.95002276,0.68876058,0.54172838,0.25983992,-0.03380144,-0.03604551,-0.11911372,-0.19149992,-0.49096096,-0.19917899,-0.1939611,-0.21568257,-0.29560685,-0.58741987,-0.57954645,-0.4712303,-0.36170611,-0.27595508,-0.50272322]","[0.13722657,0.1056753,0.09122591,0.06881698,0.05130608,0.05119107,0.04711055,0.04382089,0.03248081,0.04348568,0.04371317,0.04277389,0.03948827,0.02949411,0.02972725,0.03312805,0.03696252,0.04027196,0.03210101]"
final_eval,val,best_val_recall8,,75,device-00000516,2026-05-11 18:09:56,华为浏览器,[3],1,海泰浏览器,11,WPS,0,0.0809985,13,"[""WPS"",""微信"",""华为浏览器""]","[0,3,1]","[0.0809985,0.06947647,0.06564708]","[0.40398413,0.25054166,0.19384673]","[0.40398413,0.19384673,0.02805375,0.25054166,-0.01133633,-0.07104757,0.04564459,0.11761377,-0.06556895,-0.02245101,-0.20272967,-0.12861072,-0.27762192,-0.2018494,-0.26994151,-0.07231759,-0.12073218,-0.21187642,-0.22190216]","[0.0809985,0.06564708,0.05561763,0.06947647,0.05346943,0.05037016,0.05660464,0.06082861,0.05064688,0.05287843,0.04415547,0.04755256,0.04096936,0.04419435,0.04128524,0.05030623,0.04792869,0.04375343,0.04331696]"
final_eval,val,best_val_recall8,,76,device-00000516,2026-05-11 18:54:01,华为浏览器|海泰浏览器,"[3,13]",2,小红书,10,WPS,0,0.07018587,17,"[""WPS"",""微信"",""抖音""]","[0,3,6]","[0.07018587,0.06503436,0.06122546]","[0.24329413,0.16706289,0.10671014]","[0.24329413,0.04405542,0.06809455,0.16706289,0.02679607,0.01673495,0.10671014,0.09842227,-0.09527286,-0.07641003,-0.23667008,-0.08925615,-0.1628609,-0.20126051,-0.25592104,-0.08331314,-0.16300032,-0.21274385,-0.24786548]","[0.07018587,0.05750709,0.05890626,0.06503436,0.05652307,0.05595724,0.06122546,0.06072012,0.05002786,0.05098048,0.0434314,0.05032977,0.04675831,0.04499685,0.0426033,0.05062977,0.04675179,0.04448309,0.04294788]"
final_eval,val,best_val_recall8,,77,device-00000549,2026-05-07 18:49:44,华为浏览器,[3],1,哔哩哔哩,7,WPS,0,0.0809985,4,"[""WPS"",""微信"",""华为浏览器""]","[0,3,1]","[0.0809985,0.06947647,0.06564708]","[0.40398413,0.25054166,0.19384673]","[0.40398413,0.19384673,0.02805375,0.25054166,-0.01133633,-0.07104757,0.04564459,0.11761377,-0.06556895,-0.02245101,-0.20272967,-0.12861072,-0.27762192,-0.2018494,-0.26994151,-0.07231759,-0.12073218,-0.21187642,-0.22190216]","[0.0809985,0.06564708,0.05561763,0.06947647,0.05346943,0.05037016,0.05660464,0.06082861,0.05064688,0.05287843,0.04415547,0.04755256,0.04096936,0.04419435,0.04128524,0.05030623,0.04792869,0.04375343,0.04331696]"
final_eval,val,best_val_recall8,,78,device-00000549,2026-05-11 13:36:36,小红书,[14],1,WPS,0,哔哩哔哩,7,0.06432129,2,"[""哔哩哔哩"",""WPS"",""华为邮箱""]","[7,0,9]","[0.06432129,0.06377723,0.06236688]","[0.17651232,0.16801785,0.1456559]","[0.16801785,-0.18998936,-0.0703953,0.0208609,-0.05961819,0.07685486,0.04695208,0.17651232,0.032841,0.1456559,-0.0061837,-0.1425973,-0.13067964,-0.02368091,-0.29834348,-0.03693882,0.0637308,-0.14015351,-0.25349635]","[0.06377723,0.04458462,0.05024862,0.05504986,0.05079309,0.05822026,0.05650508,0.06432129,0.05571333,0.06236688,0.05358101,0.04674846,0.04730892,0.05265165,0.04000622,0.0519582,0.05746116,0.04686283,0.04184122]"
final_eval,val,best_val_recall8,,79,device-00000564,2026-05-07 16:25:15,备忘录,[4],1,微信,3,WPS,0,0.08971044,7,"[""WPS"",""华为浏览器"",""备忘录""]","[0,1,2]","[0.08971044,0.07165939,0.06338761]","[0.51290429,0.28824121,0.16558544]","[0.51290429,0.28824121,0.16558544,0.02131892,0.06147591,-0.05240984,-0.01121944,0.0800637,-0.06990828,0.08606992,-0.11832032,-0.28630191,-0.21485159,-0.2854811,-0.27742651,0.00930883,-0.26796556,-0.20078778,-0.27927306]","[0.08971044,0.07165939,0.06338761,0.05487193,0.05712026,0.05097183,0.05311522,0.05819193,0.05008766,0.05854249,0.04772057,0.04034151,0.0433294,0.04037464,0.04070115,0.05421685,0.04108805,0.04394308,0.04062606]"
final_eval,val,best_val_recall8,,80,device-00000564,2026-05-13 09:47:11,WPS,[2],1,哔哩哔哩,7,华为浏览器,1,0.09829451,9,"[""华为浏览器"",""WPS"",""备忘录""]","[1,0,2]","[0.09829451,0.08595993,0.08561739]","[0.57226902,0.43818206,0.43418935]","[0.43818206,0.57226902,0.43418935,0.23850346,-0.00260794,-0.18443407,-0.03422632,-0.14791572,-0.39595559,-0.10415498,-0.1312293,-0.17662209,-0.23388727,-0.51968086,-0.45018718,-0.30580646,-0.26028425,-0.24594435,-0.45404679]","[0.08595993,0.09829451,0.08561739,0.07040066,0.05531761,0.04612085,0.05359592,0.04783624,0.03732799,0.04997607,0.04864115,0.04648256,0.04389551,0.03298385,0.03535755,0.04084942,0.04275196,0.04336943,0.03522135]"
final_eval,val,best_val_recall8,,81,device-00000564,2026-05-13 09:47:16,WPS|哔哩哔哩,"[2,10]",2,WPS,0,WPS,0,0.09299794,1,"[""WPS"",""华为浏览器"",""备忘录""]","[0,1,2]","[0.09299794,0.07939287,0.07082124]","[0.53517634,0.37700751,0.26275796]","[0.53517634,0.37700751,0.26275796,0.17237392,0.05092099,-0.05821532,0.01392348,-0.05252582,-0.26118076,-0.11562245,-0.13602182,-0.22208294,-0.09146772,-0.3489216,-0.41932943,-0.25620621,-0.0775362,-0.25749969,-0.40352812]","[0.09299794,0.07939287,0.07082124,0.06470089,0.05730122,0.05137675,0.05521996,0.05166988,0.04193917,0.04851041,0.04753086,0.04361138,0.04969644,0.03841621,0.03580443,0.04214832,0.05039363,0.04209384,0.03637468]"
final_eval,val,best_val_recall8,,82,device-00000564,2026-05-14 09:42:47,哔哩哔哩,[10],1,WPS,0,中望CAD,16,0.06170132,2,"[""中望CAD"",""WPS"",""华为音乐""]","[16,0,4]","[0.06170132,0.06125453,0.06096523]","[0.17013587,0.16286834,0.15813416]","[0.16286834,-0.06946307,0.03221462,0.04134975,0.15813416,0.05780338,0.01809486,0.14868805,-0.02365379,0.1130351,0.00750798,-0.12248217,0.02843578,-0.13768506,-0.19063416,0.05727087,0.17013587,-0.15145665,-0.22342873]","[0.06125453,0.04855545,0.05375218,0.05424546,0.06096523,0.05514538,0.05299854,0.06039206,0.05083147,0.05827683,0.05244041,0.04604814,0.05354944,0.04535337,0.04301441,0.05511602,0.06170132,0.04473306,0.04162666]"
final_eval,val,best_val_recall8,,83,device-00000633,2026-05-02 20:20:25,WPS,[2],1,华为浏览器,1,华为浏览器,1,0.09829451,1,"[""华为浏览器"",""WPS"",""备忘录""]","[1,0,2]","[0.09829451,0.08595993,0.08561739]","[0.57226902,0.43818206,0.43418935]","[0.43818206,0.57226902,0.43418935,0.23850346,-0.00260794,-0.18443407,-0.03422632,-0.14791572,-0.39595559,-0.10415498,-0.1312293,-0.17662209,-0.23388727,-0.51968086,-0.45018718,-0.30580646,-0.26028425,-0.24594435,-0.45404679]","[0.08595993,0.09829451,0.08561739,0.07040066,0.05531761,0.04612085,0.05359592,0.04783624,0.03732799,0.04997607,0.04864115,0.04648256,0.04389551,0.03298385,0.03535755,0.04084942,0.04275196,0.04336943,0.03522135]"
final_eval,val,best_val_recall8,,84,device-00000705,2026-05-05 21:18:13,华为浏览器,[3],1,WPS,0,WPS,0,0.0809985,1,"[""WPS"",""微信"",""华为浏览器""]","[0,3,1]","[0.0809985,0.06947647,0.06564708]","[0.40398413,0.25054166,0.19384673]","[0.40398413,0.19384673,0.02805375,0.25054166,-0.01133633,-0.07104757,0.04564459,0.11761377,-0.06556895,-0.02245101,-0.20272967,-0.12861072,-0.27762192,-0.2018494,-0.26994151,-0.07231759,-0.12073218,-0.21187642,-0.22190216]","[0.0809985,0.06564708,0.05561763,0.06947647,0.05346943,0.05037016,0.05660464,0.06082861,0.05064688,0.05287843,0.04415547,0.04755256,0.04096936,0.04419435,0.04128524,0.05030623,0.04792869,0.04375343,0.04331696]"
final_eval,val,best_val_recall8,,85,device-00000713,2026-05-02 16:15:13,WPS,[2],1,华为浏览器,1,华为浏览器,1,0.09829451,1,"[""华为浏览器"",""WPS"",""备忘录""]","[1,0,2]","[0.09829451,0.08595993,0.08561739]","[0.57226902,0.43818206,0.43418935]","[0.43818206,0.57226902,0.43418935,0.23850346,-0.00260794,-0.18443407,-0.03422632,-0.14791572,-0.39595559,-0.10415498,-0.1312293,-0.17662209,-0.23388727,-0.51968086,-0.45018718,-0.30580646,-0.26028425,-0.24594435,-0.45404679]","[0.08595993,0.09829451,0.08561739,0.07040066,0.05531761,0.04612085,0.05359592,0.04783624,0.03732799,0.04997607,0.04864115,0.04648256,0.04389551,0.03298385,0.03535755,0.04084942,0.04275196,0.04336943,0.03522135]"
final_eval,val,best_val_recall8,,86,device-00000720,2026-05-01 10:55:02,华为浏览器,[3],1,剪映,12,WPS,0,0.0809985,19,"[""WPS"",""微信"",""华为浏览器""]","[0,3,1]","[0.0809985,0.06947647,0.06564708]","[0.40398413,0.25054166,0.19384673]","[0.40398413,0.19384673,0.02805375,0.25054166,-0.01133633,-0.07104757,0.04564459,0.11761377,-0.06556895,-0.02245101,-0.20272967,-0.12861072,-0.27762192,-0.2018494,-0.26994151,-0.07231759,-0.12073218,-0.21187642,-0.22190216]","[0.0809985,0.06564708,0.05561763,0.06947647,0.05346943,0.05037016,0.05660464,0.06082861,0.05064688,0.05287843,0.04415547,0.04755256,0.04096936,0.04419435,0.04128524,0.05030623,0.04792869,0.04375343,0.04331696]"
final_eval,val,best_val_recall8,,87,device-00000836,2026-05-15 14:41:50,微信,[5],1,日历,8,WPS,0,0.08571474,12,"[""WPS"",""华为浏览器"",""华为音乐""]","[0,1,4]","[0.08571474,0.08265866,0.06150256]","[0.44846028,0.41215512,0.11651426]","[0.44846028,0.41215512,0.09868817,0.03281443,0.11651426,-0.02869501,0.0948637,0.06621234,-0.1815924,0.01174656,-0.2216123,-0.16876906,-0.24092408,-0.27406815,-0.33071974,-0.17459321,-0.26061139,-0.32061225,-0.35657457]","[0.08571474,0.08265866,0.06041592,0.05656435,0.06150256,0.05318995,0.06018531,0.05848538,0.04564856,0.05538512,0.04385778,0.0462377,0.04301893,0.04161648,0.03932438,0.04596918,0.04218029,0.03972387,0.03832069]"
final_eval,val,best_val_recall8,,88,device-00000836,2026-05-15 14:46:54,微信|日历,"[5,9]",2,华为浏览器,1,WPS,0,0.09995154,2,"[""WPS"",""华为浏览器"",""备忘录""]","[0,1,2]","[0.09995154,0.08747146,0.06493615]","[0.6079973,0.47462443,0.17671625]","[0.6079973,0.47462443,0.17671625,0.07060667,0.11572228,0.04178609,0.02411775,0.06884296,-0.24068722,-0.04644413,-0.23605794,-0.24511296,-0.24890749,-0.33502722,-0.41750526,-0.18701901,-0.34540153,-0.3594704,-0.35293153]","[0.09995154,0.08747146,0.06493615,0.05839877,0.0610938,0.0567397,0.05574602,0.05829586,0.04277701,0.05194804,0.0429755,0.04258811,0.04242682,0.03892594,0.03584424,0.0451355,0.0385242,0.037986,0.0382352]"
final_eval,val,best_val_recall8,,89,device-00000836,2026-05-15 15:01:49,微信|日历|华为浏览器,"[5,9,3]",3,WPS,0,WPS,0,0.11733761,1,"[""WPS"",""华为浏览器"",""微信""]","[0,1,3]","[0.11733761,0.09086011,0.0719676]","[0.77880627,0.523072,0.28996709]","[0.77880627,0.523072,0.15563427,0.28996709,0.04168908,-0.02224834,0.07127643,0.05072761,-0.20986864,-0.16727045,-0.30372807,-0.33249199,-0.31128913,-0.41333243,-0.42350036,-0.19124898,-0.37468669,-0.36965361,-0.3755073]","[0.11733761,0.09086011,0.06292121,0.0719676,0.05614503,0.05266761,0.05783103,0.0566548,0.04365773,0.04555765,0.03974647,0.03861949,0.03944707,0.03562034,0.03525998,0.04447824,0.03702385,0.03721066,0.03699348]"
final_eval,test,best_val_recall8,,0,device-00000005,2026-05-06 10:50:36,备忘录,[4],1,日历,8,WPS,0,0.08971044,11,"[""WPS"",""华为浏览器"",""备忘录""]","[0,1,2]","[0.08971044,0.07165939,0.06338761]","[0.51290429,0.28824121,0.16558544]","[0.51290429,0.28824121,0.16558544,0.02131892,0.06147591,-0.05240984,-0.01121944,0.0800637,-0.06990828,0.08606992,-0.11832032,-0.28630191,-0.21485159,-0.2854811,-0.27742651,0.00930883,-0.26796556,-0.20078778,-0.27927306]","[0.08971044,0.07165939,0.06338761,0.05487193,0.05712026,0.05097183,0.05311522,0.05819193,0.05008766,0.05854249,0.04772057,0.04034151,0.0433294,0.04037464,0.04070115,0.05421685,0.04108805,0.04394308,0.04062606]"
final_eval,test,best_val_recall8,,1,device-00000005,2026-05-07 08:53:55,华为邮箱,[11],1,WPS,0,抖音,6,0.06126747,4,"[""抖音"",""海泰浏览器"",""哔哩哔哩""]","[6,11,7]","[0.06126747,0.0603568,0.0572639]","[0.15634371,0.1413683,0.08876499]","[0.06504051,0.02116998,0.01955166,-0.05610375,-0.05253843,-0.02623208,0.15634371,0.08876499,-0.22099677,-0.0297109,0.00456042,0.1413683,-0.08394878,0.00039666,-0.0116505,0.02978157,0.02949294,-0.07606654,0.02093893]","[0.05592133,0.05352107,0.05343452,0.04954105,0.049718,0.05104325,0.06126747,0.0572639,0.04201004,0.05086599,0.05263945,0.0603568,0.04818061,0.05242072,0.05179299,0.05398396,0.05396838,0.04856188,0.0535087]"
final_eval,test,best_val_recall8,,2,device-00000011,2026-05-01 19:46:04,华为音乐,[6],1,华为邮箱,9,WPS,0,0.06760579,7,"[""WPS"",""华为视频"",""哔哩哔哩""]","[0,5,7]","[0.06760579,0.06420808,0.05801192]","[0.238914,0.18734938,0.08586904]","[0.238914,0.05297065,0.02051903,0.00647135,0.0255587,0.18734938,0.01990644,0.08586904,-0.09646695,0.0306989,0.03073226,-0.14133199,-0.07435831,-0.10631856,-0.17755884,-0.13306344,0.05319493,-0.14382206,-0.23478298]","[0.06760579,0.05613448,0.05434207,0.05358402,0.05461662,0.06420808,0.05430879,0.05801192,0.04834257,0.05489808,0.05489992,0.04622162,0.04942327,0.04786866,0.04457712,0.04660539,0.05614707,0.04610667,0.04209785]"
final_eval,test,best_val_recall8,,3,device-00000011,2026-05-02 14:55:21,华为视频,[7],1,抖音,6,WPS,0,0.06934109,4,"[""WPS"",""华为视频"",""哔哩哔哩""]","[0,5,7]","[0.06934109,0.06846151,0.06066411]","[0.29817939,0.28541347,0.1644941]","[0.29817939,0.04557058,-0.02868778,0.14289367,0.14310259,0.28541347,0.16163646,0.1644941,0.09409276,0.10849963,-0.07100647,-0.28519806,-0.10359421,-0.2001144,-0.1188909,-0.02399483,-0.03915326,-0.16259456,-0.2468778]","[0.06934109,0.05386219,0.05000737,0.05936779,0.0593802,0.06846151,0.060491,0.06066411,0.05654015,0.05736061,0.04793528,0.03869306,0.04639836,0.04212932,0.04569401,0.05024261,0.04948675,0.04374003,0.04020456]"
final_eval,test,best_val_recall8,,4,device-00000011,2026-05-02 15:54:09,华为视频|抖音,"[7,8]",2,华为浏览器,1,华为视频,5,0.08724874,8,"[""华为视频"",""WPS"",""哔哩哔哩""]","[5,0,7]","[0.08724874,0.06928258,0.06307164]","[0.52790922,0.29733968,0.20341736]","[0.29733968,0.0322842,-0.18047127,-0.00028449,0.13891304,0.52790922,0.18846342,0.20341736,0.12302565,0.10363354,-0.0462952,-0.27915263,-0.13705999,-0.06414302,-0.08575705,-0.19739427,-0.11565115,-0.24247211,-0.26746586]","[0.06928258,0.05315107,0.04296486,0.05144789,0.05913169,0.08724874,0.06213549,0.06307164,0.05819966,0.05708192,0.04913437,0.03892751,0.0448711,0.0482652,0.04723319,0.04224389,0.0458421,0.0403819,0.03938512]"
final_eval,test,best_val_recall8,,5,device-00000011,2026-05-02 17:24:48,悟空图像,[18],1,小红书,10,WPS,0,0.06634065,5,"[""WPS"",""哔哩哔哩"",""华为视频""]","[0,7,5]","[0.06634065,0.06026177,0.057376]","[0.20731568,0.11121077,0.06213896]","[0.20731568,0.0011968,0.01993858,0.00909345,-0.051334,0.06213896,-0.07849789,0.11121077,-0.24793184,-0.05725347,0.01347425,-0.06175681,-0.10680734,-0.09375628,-0.10328731,0.00522754,-0.0237225,-0.10042238,-0.04767392]","[0.06634065,0.05398379,0.05500509,0.05441177,0.05122118,0.057376,0.04984854,0.06026177,0.04207927,0.05091887,0.05465066,0.05069008,0.04845715,0.0490937,0.04862801,0.05420183,0.05265518,0.04876753,0.051409]"
final_eval,test,best_val_recall8,,6,device-00000039,2026-05-03 14:19:00,微信,[5],1,WPS,0,WPS,0,0.08571474,1,"[""WPS"",""华为浏览器"",""华为音乐""]","[0,1,4]","[0.08571474,0.08265866,0.06150256]","[0.44846028,0.41215512,0.11651426]","[0.44846028,0.41215512,0.09868817,0.03281443,0.11651426,-0.02869501,0.0948637,0.06621234,-0.1815924,0.01174656,-0.2216123,-0.16876906,-0.24092408,-0.27406815,-0.33071974,-0.17459321,-0.26061139,-0.32061225,-0.35657457]","[0.08571474,0.08265866,0.06041592,0.05656435,0.06150256,0.05318995,0.06018531,0.05848538,0.04564856,0.05538512,0.04385778,0.0462377,0.04301893,0.04161648,0.03932438,0.04596918,0.04218029,0.03972387,0.03832069]"
final_eval,test,best_val_recall8,,7,device-00000039,2026-05-03 15:48:18,哔哩哔哩,[10],1,备忘录,2,中望CAD,16,0.06170132,9,"[""中望CAD"",""WPS"",""华为音乐""]","[16,0,4]","[0.06170132,0.06125453,0.06096523]","[0.17013587,0.16286834,0.15813416]","[0.16286834,-0.06946307,0.03221462,0.04134975,0.15813416,0.05780338,0.01809486,0.14868805,-0.02365379,0.1130351,0.00750798,-0.12248217,0.02843578,-0.13768506,-0.19063416,0.05727087,0.17013587,-0.15145665,-0.22342873]","[0.06125453,0.04855545,0.05375218,0.05424546,0.06096523,0.05514538,0.05299854,0.06039206,0.05083147,0.05827683,0.05244041,0.04604814,0.05354944,0.04535337,0.04301441,0.05511602,0.06170132,0.04473306,0.04162666]"
final_eval,test,best_val_recall8,,8,device-00000057,2026-05-06 12:19:35,备忘录,[4],1,华为浏览器,1,WPS,0,0.08971044,2,"[""WPS"",""华为浏览器"",""备忘录""]","[0,1,2]","[0.08971044,0.07165939,0.06338761]","[0.51290429,0.28824121,0.16558544]","[0.51290429,0.28824121,0.16558544,0.02131892,0.06147591,-0.05240984,-0.01121944,0.0800637,-0.06990828,0.08606992,-0.11832032,-0.28630191,-0.21485159,-0.2854811,-0.27742651,0.00930883,-0.26796556,-0.20078778,-0.27927306]","[0.08971044,0.07165939,0.06338761,0.05487193,0.05712026,0.05097183,0.05311522,0.05819193,0.05008766,0.05854249,0.04772057,0.04034151,0.0433294,0.04037464,0.04070115,0.05421685,0.04108805,0.04394308,0.04062606]"
final_eval,test,best_val_recall8,,9,device-00000057,2026-05-06 14:34:12,华为音乐,[6],1,海泰浏览器,11,WPS,0,0.06760579,16,"[""WPS"",""华为视频"",""哔哩哔哩""]","[0,5,7]","[0.06760579,0.06420808,0.05801192]","[0.238914,0.18734938,0.08586904]","[0.238914,0.05297065,0.02051903,0.00647135,0.0255587,0.18734938,0.01990644,0.08586904,-0.09646695,0.0306989,0.03073226,-0.14133199,-0.07435831,-0.10631856,-0.17755884,-0.13306344,0.05319493,-0.14382206,-0.23478298]","[0.06760579,0.05613448,0.05434207,0.05358402,0.05461662,0.06420808,0.05430879,0.05801192,0.04834257,0.05489808,0.05489992,0.04622162,0.04942327,0.04786866,0.04457712,0.04660539,0.05614707,0.04610667,0.04209785]"
final_eval,test,best_val_recall8,,10,device-00000057,2026-05-06 14:42:44,华为音乐|海泰浏览器,"[6,13]",2,微信,3,华为视频,5,0.06775114,4,"[""华为视频"",""WPS"",""抖音""]","[5,0,6]","[0.06775114,0.0640214,0.05966964]","[0.22562356,0.16899973,0.09860569]","[0.16899973,-0.0620954,0.04162825,0.08823738,0.03226898,0.22562356,0.09860569,0.0807206,-0.10759823,-0.06230088,-0.0131879,-0.18389782,-0.01436617,-0.13803782,-0.20128745,-0.12759633,-0.00397859,-0.22398707,-0.2785635]","[0.0640214,0.05081148,0.05636486,0.05905417,0.05583979,0.06775114,0.05966964,0.05861193,0.04855123,0.05080104,0.05335831,0.04498459,0.05329548,0.04709562,0.04420908,0.04758994,0.05385198,0.04321686,0.04092144]"
final_eval,test,best_val_recall8,,11,device-00000057,2026-05-06 20:27:44,WPS,[2],1,日历,8,华为浏览器,1,0.09829451,16,"[""华为浏览器"",""WPS"",""备忘录""]","[1,0,2]","[0.09829451,0.08595993,0.08561739]","[0.57226902,0.43818206,0.43418935]","[0.43818206,0.57226902,0.43418935,0.23850346,-0.00260794,-0.18443407,-0.03422632,-0.14791572,-0.39595559,-0.10415498,-0.1312293,-0.17662209,-0.23388727,-0.51968086,-0.45018718,-0.30580646,-0.26028425,-0.24594435,-0.45404679]","[0.08595993,0.09829451,0.08561739,0.07040066,0.05531761,0.04612085,0.05359592,0.04783624,0.03732799,0.04997607,0.04864115,0.04648256,0.04389551,0.03298385,0.03535755,0.04084942,0.04275196,0.04336943,0.03522135]"
final_eval,test,best_val_recall8,,12,device-00000057,2026-05-06 21:10:26,WPS|日历,"[2,9]",2,华为邮箱,9,WPS,0,0.11053529,10,"[""WPS"",""华为浏览器"",""备忘录""]","[0,1,2]","[0.11053529,0.09474389,0.08004826]","[0.71269828,0.55854088,0.38999325]","[0.71269828,0.55854088,0.38999325,0.21822435,-0.00822061,-0.04837212,-0.09369233,-0.12449648,-0.36791408,-0.14474627,-0.12252712,-0.19364211,-0.2328524,-0.4575052,-0.46936339,-0.36493385,-0.27510795,-0.26428649,-0.40587321]","[0.11053529,0.09474389,0.08004826,0.06741455,0.05375388,0.05163834,0.04935032,0.0478533,0.03751431,0.04689403,0.04794763,0.04465626,0.04293916,0.03429952,0.03389519,0.03762627,0.04116254,0.0416104,0.03611699]"
final_eval,test,best_val_recall8,,13,device-00000057,2026-05-06 21:15:08,日历|华为邮箱,"[9,11]",2,哔哩哔哩,7,WPS,0,0.06428478,5,"[""WPS"",""华为浏览器"",""备忘录""]","[0,1,2]","[0.06428478,0.06195388,0.0607524]","[0.19520313,0.15827049,0.13868691]","[0.19520313,0.15827049,0.13868691,0.01734124,0.06340671,-0.00868753,0.05537803,0.06097806,-0.15274286,-0.14640737,0.02269738,-0.03576486,-0.10470022,-0.10795155,-0.12360857,-0.01460457,-0.0122303,-0.12903158,-0.06745945]","[0.06428478,0.06195388,0.0607524,0.05381009,0.05634686,0.05242755,0.05589628,0.05621018,0.04539386,0.04568237,0.05409908,0.051027,0.04762794,0.04747334,0.04673583,0.05211825,0.05224214,0.04648307,0.04943508]"
final_eval,test,best_val_recall8,,14,device-00000057,2026-05-09 15:11:56,WPS,[2],1,抖音,6,华为浏览器,1,0.09829451,6,"[""华为浏览器"",""WPS"",""备忘录""]","[1,0,2]","[0.09829451,0.08595993,0.08561739]","[0.57226902,0.43818206,0.43418935]","[0.43818206,0.57226902,0.43418935,0.23850346,-0.00260794,-0.18443407,-0.03422632,-0.14791572,-0.39595559,-0.10415498,-0.1312293,-0.17662209,-0.23388727,-0.51968086,-0.45018718,-0.30580646,-0.26028425,-0.24594435,-0.45404679]","[0.08595993,0.09829451,0.08561739,0.07040066,0.05531761,0.04612085,0.05359592,0.04783624,0.03732799,0.04997607,0.04864115,0.04648256,0.04389551,0.03298385,0.03535755,0.04084942,0.04275196,0.04336943,0.03522135]"
final_eval,test,best_val_recall8,,15,device-00000060,2026-05-03 20:47:07,抖音,[8],1,哔哩哔哩,7,华为视频,5,0.06638682,2,"[""华为视频"",""哔哩哔哩"",""WPS""]","[5,7,0]","[0.06638682,0.0638495,0.0610066]","[0.2217771,0.18280734,0.13726062]","[0.13726062,0.0314508,-0.20174867,-0.12062489,-0.00855645,0.2217771,0.0794245,0.18280734,0.10505957,0.11407757,0.01702792,-0.17092037,-0.10159802,0.03488373,-0.00179338,-0.1527957,-0.09104487,-0.27517071,-0.17666665]","[0.0610066,0.05488128,0.04346573,0.04713881,0.05272897,0.06638682,0.05757831,0.0638495,0.05907341,0.05960855,0.05409541,0.04482657,0.04804429,0.05507,0.05308679,0.04564645,0.048554,0.04038873,0.04456972]"
final_eval,test,best_val_recall8,,16,device-00000060,2026-05-03 20:49:24,抖音|哔哩哔哩,"[8,10]",2,抖音,6,哔哩哔哩,7,0.06780004,5,"[""哔哩哔哩"",""华为视频"",""WPS""]","[7,5,0]","[0.06780004,0.06716692,0.06235296]","[0.25667155,0.24728969,0.17291999]","[0.17291999,-0.04895525,-0.10535601,-0.05269609,0.12809145,0.24728969,0.08956522,0.25667155,0.07984845,0.05192585,-0.04164976,-0.24541059,-0.02790321,-0.04657295,-0.06262459,-0.03967255,0.04933906,-0.2801418,-0.27397168]","[0.06235296,0.04994568,0.04720667,0.04975919,0.0596195,0.06716692,0.05736626,0.06780004,0.05681155,0.05524717,0.05031189,0.04103727,0.05100828,0.0500648,0.0492676,0.05041147,0.05510444,0.03963646,0.03988178]"
final_eval,test,best_val_recall8,,17,device-00000060,2026-05-04 11:40:13,华为视频,[7],1,抖音,6,WPS,0,0.06934109,4,"[""WPS"",""华为视频"",""哔哩哔哩""]","[0,5,7]","[0.06934109,0.06846151,0.06066411]","[0.29817939,0.28541347,0.1644941]","[0.29817939,0.04557058,-0.02868778,0.14289367,0.14310259,0.28541347,0.16163646,0.1644941,0.09409276,0.10849963,-0.07100647,-0.28519806,-0.10359421,-0.2001144,-0.1188909,-0.02399483,-0.03915326,-0.16259456,-0.2468778]","[0.06934109,0.05386219,0.05000737,0.05936779,0.0593802,0.06846151,0.060491,0.06066411,0.05654015,0.05736061,0.04793528,0.03869306,0.04639836,0.04212932,0.04569401,0.05024261,0.04948675,0.04374003,0.04020456]"
final_eval,test,best_val_recall8,,18,device-00000060,2026-05-04 11:40:26,华为视频|抖音,"[7,8]",2,华为视频,5,华为视频,5,0.08724874,1,"[""华为视频"",""WPS"",""哔哩哔哩""]","[5,0,7]","[0.08724874,0.06928258,0.06307164]","[0.52790922,0.29733968,0.20341736]","[0.29733968,0.0322842,-0.18047127,-0.00028449,0.13891304,0.52790922,0.18846342,0.20341736,0.12302565,0.10363354,-0.0462952,-0.27915263,-0.13705999,-0.06414302,-0.08575705,-0.19739427,-0.11565115,-0.24247211,-0.26746586]","[0.06928258,0.05315107,0.04296486,0.05144789,0.05913169,0.08724874,0.06213549,0.06307164,0.05819966,0.05708192,0.04913437,0.03892751,0.0448711,0.0482652,0.04723319,0.04224389,0.0458421,0.0403819,0.03938512]"
final_eval,test,best_val_recall8,,19,device-00000060,2026-05-04 21:43:10,华为邮箱,[11],1,备忘录,2,抖音,6,0.06126747,9,"[""抖音"",""海泰浏览器"",""哔哩哔哩""]","[6,11,7]","[0.06126747,0.0603568,0.0572639]","[0.15634371,0.1413683,0.08876499]","[0.06504051,0.02116998,0.01955166,-0.05610375,-0.05253843,-0.02623208,0.15634371,0.08876499,-0.22099677,-0.0297109,0.00456042,0.1413683,-0.08394878,0.00039666,-0.0116505,0.02978157,0.02949294,-0.07606654,0.02093893]","[0.05592133,0.05352107,0.05343452,0.04954105,0.049718,0.05104325,0.06126747,0.0572639,0.04201004,0.05086599,0.05263945,0.0603568,0.04818061,0.05242072,0.05179299,0.05398396,0.05396838,0.04856188,0.0535087]"
final_eval,test,best_val_recall8,,20,device-00000060,2026-05-04 22:28:09,华为邮箱|备忘录,"[11,4]",2,WPS,0,WPS,0,0.07999331,1,"[""WPS"",""华为浏览器"",""抖音""]","[0,1,6]","[0.07999331,0.06529143,0.05964782]","[0.41412765,0.2110455,0.12064233]","[0.41412765,0.2110455,0.10024235,-0.03549294,0.08212345,-0.04211981,0.12064233,0.06362893,-0.14327984,0.10173023,-0.08844376,-0.04729611,-0.17468543,-0.20284659,-0.22052068,-0.00061742,-0.23916565,-0.11018199,-0.13405924]","[0.07999331,0.06529143,0.05844334,0.05102534,0.05739395,0.05068832,0.05964782,0.05634223,0.04581152,0.05853035,0.04839379,0.05042662,0.04439514,0.04316236,0.0424062,0.05283627,0.04162287,0.04735315,0.04623588]"
final_eval,test,best_val_recall8,,21,device-00000060,2026-05-04 22:32:47,华为邮箱|备忘录|WPS,"[11,4,2]",3,小红书,10,华为浏览器,1,0.09016258,12,"[""华为浏览器"",""备忘录"",""WPS""]","[1,2,0]","[0.09016258,0.0870885,0.08640616]","[0.52265668,0.48796701,0.48010129]","[0.48010129,0.52265668,0.48796701,0.15528062,0.09589858,-0.1184033,0.09532682,-0.04239808,-0.38502029,0.01854584,-0.18776335,-0.08768258,-0.21821707,-0.48130035,-0.47799173,-0.10734237,-0.3821018,-0.21560836,-0.37799427]","[0.08640616,0.09016258,0.0870885,0.06244202,0.05884203,0.04749168,0.05880839,0.05124201,0.03637703,0.05446202,0.04430929,0.0489733,0.04298025,0.03303796,0.03314746,0.04801989,0.03648335,0.04309252,0.03663351]"
final_eval,test,best_val_recall8,,22,device-00000079,2026-05-01 18:19:49,华为浏览器,[3],1,华为音乐,4,WPS,0,0.0809985,7,"[""WPS"",""微信"",""华为浏览器""]","[0,3,1]","[0.0809985,0.06947647,0.06564708]","[0.40398413,0.25054166,0.19384673]","[0.40398413,0.19384673,0.02805375,0.25054166,-0.01133633,-0.07104757,0.04564459,0.11761377,-0.06556895,-0.02245101,-0.20272967,-0.12861072,-0.27762192,-0.2018494,-0.26994151,-0.07231759,-0.12073218,-0.21187642,-0.22190216]","[0.0809985,0.06564708,0.05561763,0.06947647,0.05346943,0.05037016,0.05660464,0.06082861,0.05064688,0.05287843,0.04415547,0.04755256,0.04096936,0.04419435,0.04128524,0.05030623,0.04792869,0.04375343,0.04331696]"
final_eval,test,best_val_recall8,,23,device-00000079,2026-05-01 23:16:26,微信,[5],1,WPS,0,WPS,0,0.08571474,1,"[""WPS"",""华为浏览器"",""华为音乐""]","[0,1,4]","[0.08571474,0.08265866,0.06150256]","[0.44846028,0.41215512,0.11651426]","[0.44846028,0.41215512,0.09868817,0.03281443,0.11651426,-0.02869501,0.0948637,0.06621234,-0.1815924,0.01174656,-0.2216123,-0.16876906,-0.24092408,-0.27406815,-0.33071974,-0.17459321,-0.26061139,-0.32061225,-0.35657457]","[0.08571474,0.08265866,0.06041592,0.05656435,0.06150256,0.05318995,0.06018531,0.05848538,0.04564856,0.05538512,0.04385778,0.0462377,0.04301893,0.04161648,0.03932438,0.04596918,0.04218029,0.03972387,0.03832069]"
final_eval,test,best_val_recall8,,24,device-00000079,2026-05-16 00:08:29,备忘录,[4],1,WPS,0,WPS,0,0.08971044,1,"[""WPS"",""华为浏览器"",""备忘录""]","[0,1,2]","[0.08971044,0.07165939,0.06338761]","[0.51290429,0.28824121,0.16558544]","[0.51290429,0.28824121,0.16558544,0.02131892,0.06147591,-0.05240984,-0.01121944,0.0800637,-0.06990828,0.08606992,-0.11832032,-0.28630191,-0.21485159,-0.2854811,-0.27742651,0.00930883,-0.26796556,-0.20078778,-0.27927306]","[0.08971044,0.07165939,0.06338761,0.05487193,0.05712026,0.05097183,0.05311522,0.05819193,0.05008766,0.05854249,0.04772057,0.04034151,0.0433294,0.04037464,0.04070115,0.05421685,0.04108805,0.04394308,0.04062606]"
final_eval,test,best_val_recall8,,25,device-00000079,2026-05-16 00:08:34,备忘录|WPS,"[4,2]",2,备忘录,2,华为浏览器,1,0.10447381,3,"[""华为浏览器"",""WPS"",""备忘录""]","[1,0,2]","[0.10447381,0.10058796,0.10002085]","[0.66405255,0.62614864,0.62049472]","[0.62614864,0.66405255,0.62049472,0.21467236,0.06097429,-0.16459708,-0.04393486,-0.05534523,-0.37592739,-0.07717832,-0.23637421,-0.31894705,-0.28541842,-0.58163053,-0.53767997,-0.14870228,-0.41858,-0.30502886,-0.53187537]","[0.10058796,0.10447381,0.10002085,0.06665675,0.05716022,0.04561729,0.05146742,0.0508835,0.0369275,0.0497846,0.04245776,0.03909275,0.04042569,0.03006174,0.03141244,0.04634816,0.03538556,0.03964065,0.0315953]"
final_eval,test,best_val_recall8,,26,device-00000079,2026-05-16 00:08:34,备忘录|WPS|备忘录,"[4,2,4]",3,WPS,0,WPS,0,0.13772266,1,"[""WPS"",""华为浏览器"",""备忘录""]","[0,1,2]","[0.13772266,0.0958465,0.08679844]","[0.95223796,0.58974403,0.49058461]","[0.95223796,0.58974403,0.49058461,0.10912317,0.03715394,-0.14702137,-0.06860523,-0.06488437,-0.20631468,-0.01487184,-0.30400878,-0.408216,-0.35570908,-0.56255352,-0.54929382,-0.1589638,-0.44524127,-0.26304519,-0.52843177]","[0.13772266,0.0958465,0.08679844,0.05927141,0.05515558,0.04587786,0.04962024,0.04980521,0.04323668,0.05235943,0.03921248,0.03533196,0.0372367,0.03027888,0.03068304,0.04533322,0.0340477,0.04085212,0.03132988]"
final_eval,test,best_val_recall8,,27,device-00000079,2026-05-16 00:08:38,备忘录|WPS|备忘录|WPS,"[4,2,4,2]",4,备忘录,2,WPS,0,0.12748073,2,"[""WPS"",""备忘录"",""华为浏览器""]","[0,2,1]","[0.12748073,0.1220926,0.11676744]","[0.89462346,0.85143799,0.80684251]","[0.89462346,0.80684251,0.85143799,0.24831891,0.04087936,-0.18403032,-0.08547797,-0.10859893,-0.47539088,-0.15281007,-0.33742231,-0.39045188,-0.3615067,-0.72122967,-0.683716,-0.20408128,-0.5094654,-0.34229946,-0.68243194]","[0.12748073,0.11676744,0.1220926,0.06679717,0.05428354,0.0433502,0.04784008,0.04674666,0.03239328,0.04472496,0.03718552,0.03526496,0.03630063,0.02533311,0.02630149,0.04248965,0.03130808,0.0370046,0.02633529]"
final_eval,test,best_val_recall8,,28,device-00000079,2026-05-16 00:08:38,备忘录|WPS|备忘录|WPS|备忘录,"[4,2,4,2,4]",5,WPS,0,WPS,0,0.16209696,1,"[""WPS"",""华为浏览器"",""备忘录""]","[0,1,2]","[0.16209696,0.10109072,0.09567282]","[1.13237774,0.66020137,0.60511726]","[1.13237774,0.66020137,0.60511726,0.13268961,0.00419313,-0.17144305,-0.09673239,-0.10567866,-0.26647183,-0.05548405,-0.3748087,-0.4416213,-0.41218257,-0.65139651,-0.63363814,-0.21424146,-0.49087259,-0.27042225,-0.61935812]","[0.16209696,0.10109072,0.09567282,0.05965074,0.05245786,0.04400811,0.04742192,0.04699956,0.04001863,0.0494189,0.03590973,0.0335889,0.03459241,0.02723275,0.02772068,0.04216436,0.03197468,0.03986086,0.02811937]"
final_eval,test,best_val_recall8,,29,device-00000079,2026-05-16 00:08:42,备忘录|WPS|备忘录|WPS|备忘录|WPS,"[4,2,4,2,4,2]",6,备忘录,2,WPS,0,0.1405282,2,"[""WPS"",""备忘录"",""华为浏览器""]","[0,2,1]","[0.1405282,0.13011535,0.11828735]","[1.00699973,0.93001288,0.83470839]","[1.00699973,0.83470839,0.93001288,0.25590605,0.02297978,-0.18102798,-0.10469988,-0.1232265,-0.5153029,-0.18348786,-0.37594247,-0.41795754,-0.39425743,-0.7668342,-0.72923094,-0.218807,-0.53304821,-0.34874237,-0.73884946]","[0.1405282,0.11828735,0.13011535,0.06630826,0.0525302,0.04283607,0.04623369,0.04538501,0.0306645,0.04273082,0.03525002,0.03379967,0.03461029,0.02384499,0.02475872,0.04124795,0.03012515,0.03622198,0.02452172]"
final_eval,test,best_val_recall8,,30,device-00000079,2026-05-16 00:08:45,备忘录|WPS|备忘录|WPS|备忘录|WPS|备忘录,"[4,2,4,2,4,2,4]",7,WPS,0,WPS,0,0.17288324,1,"[""WPS"",""华为浏览器"",""备忘录""]","[0,1,2]","[0.17288324,0.10204893,0.09883668]","[1.20517623,0.67801219,0.64602858]","[1.20517623,0.67801219,0.64602858,0.14062935,-0.01335869,-0.17587806,-0.10915758,-0.11658525,-0.29172903,-0.07195991,-0.40219161,-0.45511383,-0.43617737,-0.68276167,-0.66142672,-0.23331976,-0.50638884,-0.27073377,-0.6542837]","[0.17288324,0.10204893,0.09883668,0.05962468,0.05111518,0.04344788,0.04644565,0.04610194,0.03869503,0.04820585,0.0346483,0.03286231,0.03349053,0.0261717,0.02673607,0.04102249,0.03121977,0.03951603,0.02692773]"
final_eval,test,best_val_recall8,,31,device-00000079,2026-05-16 00:09:01,备忘录|WPS|备忘录|WPS|备忘录|WPS|备忘录|WPS,"[4,2,4,2,4,2,4,2]",8,备忘录,2,WPS,0,0.14648078,2,"[""WPS"",""备忘录"",""华为浏览器""]","[0,2,1]","[0.14648078,0.13313083,0.11810857]","[1.05465186,0.95908999,0.83936191]","[1.05465186,0.83936191,0.95908999,0.25796473,0.0132862,-0.17617506,-0.11355536,-0.12660867,-0.53275013,-0.19597766,-0.39218235,-0.43050033,-0.40865046,-0.78364968,-0.74494517,-0.2229515,-0.5412429,-0.3499963,-0.76159811]","[0.14648078,0.11810857,0.13313083,0.06603647,0.05170366,0.04277986,0.04554437,0.04495373,0.02994889,0.04194104,0.03446899,0.03317319,0.033906,0.02330325,0.02422287,0.04082485,0.02969562,0.03595421,0.02382283]"
final_eval,test,best_val_recall8,,32,device-00000079,2026-05-16 00:09:52,备忘录|WPS|备忘录|WPS|备忘录|WPS|备忘录|WPS|备忘录,"[4,2,4,2,4,2,4,2,4]",9,WPS,0,WPS,0,0.17765956,1,"[""WPS"",""华为浏览器"",""备忘录""]","[0,1,2]","[0.17765956,0.10216814,0.10005505]","[1.23610687,0.68285763,0.66195828]","[1.23610687,0.68285763,0.66195828,0.14365172,-0.02226483,-0.17562035,-0.11503352,-0.11947671,-0.30275598,-0.07890811,-0.41380355,-0.46158057,-0.446769,-0.69503874,-0.67151982,-0.24051934,-0.5126105,-0.27019826,-0.66866964]","[0.17765956,0.10216814,0.10005505,0.0595856,0.05047597,0.04329954,0.04600402,0.04580007,0.03813019,0.04769632,0.03412256,0.03253062,0.03301603,0.02575744,0.02637041,0.04057869,0.03091223,0.03939205,0.02644567]"
final_eval,test,best_val_recall8,,33,device-00000079,2026-05-16 00:12:03,备忘录|WPS|备忘录|WPS|备忘录|WPS|备忘录|WPS|备忘录|WPS,"[4,2,4,2,4,2,4,2,4,2]",10,备忘录,2,WPS,0,0.14921099,2,"[""WPS"",""备忘录"",""华为浏览器""]","[0,2,1]","[0.14921099,0.13435283,0.11779776]","[1.07568836,0.97079641,0.83929628]","[1.07568836,0.83929628,0.97079641,0.25850022,0.0082636,-0.17259908,-0.11788969,-0.12707162,-0.54076213,-0.20124221,-0.39955378,-0.43671453,-0.4150629,-0.79042602,-0.75075793,-0.22417293,-0.54457027,-0.3500047,-0.7713843]","[0.14921099,0.11779776,0.13435283,0.06590229,0.05131261,0.04282294,0.04523103,0.04481762,0.02963366,0.04161376,0.03412804,0.03288309,0.03360282,0.02308648,0.02402068,0.04067038,0.02952103,0.03586164,0.0235303]"
final_eval,test,best_val_recall8,,34,device-00000079,2026-05-16 00:12:06,备忘录|WPS|备忘录|WPS|备忘录|WPS|备忘录|WPS|备忘录|WPS|备忘录,"[4,2,4,2,4,2,4,2,4,2,4]",11,WPS,0,WPS,0,0.17982578,1,"[""WPS"",""华为浏览器"",""备忘录""]","[0,1,2]","[0.17982578,0.10213757,0.10056376]","[1.24985254,0.68418455,0.66865599]","[1.24985254,0.68418455,0.66865599,0.14483461,-0.02681426,-0.17456706,-0.1179875,-0.12012363,-0.3077327,-0.08189129,-0.41904473,-0.46494344,-0.45156527,-0.70027101,-0.67543262,-0.24346846,-0.51533693,-0.26963747,-0.67493939]","[0.17982578,0.10213757,0.10056376,0.05955919,0.05016521,0.04327473,0.04579379,0.04569607,0.03787924,0.04747697,0.03388903,0.03236872,0.03280466,0.02558139,0.02622475,0.04039345,0.03077797,0.0393501,0.02623768]"
final_eval,test,best_val_recall8,,35,device-00000079,2026-05-16 00:12:10,备忘录|WPS|备忘录|WPS|备忘录|WPS|备忘录|WPS|备忘录|WPS|备忘录|WPS,"[4,2,4,2,4,2,4,2,4,2,4,2]",12,备忘录,2,WPS,0,0.15048479,2,"[""WPS"",""备忘录"",""华为浏览器""]","[0,2,1]","[0.15048479,0.13488275,0.11757518]","[1.08529615,0.97584009,0.83851212]","[1.08529615,0.83851212,0.97584009,0.25857005,0.00567757,-0.17030483,-0.12011953,-0.12684655,-0.54455775,-0.20350978,-0.40303561,-0.43995029,-0.41794026,-0.79335719,-0.7529918,-0.22452947,-0.54602891,-0.3497026,-0.77579832]","[0.15048479,0.11757518,0.13488275,0.06583397,0.05112346,0.04287381,0.04508034,0.0447781,0.02948873,0.04147356,0.03397178,0.03274059,0.0334692,0.02299343,0.02394056,0.04061089,0.02944538,0.03583279,0.02340074]"
final_eval,test,best_val_recall8,,36,device-00000079,2026-05-16 00:12:11,备忘录|WPS|备忘录|WPS|备忘录|WPS|备忘录|WPS|备忘录|WPS|备忘录|WPS|备忘录,"[4,2,4,2,4,2,4,2,4,2,4,2,4]",13,WPS,0,WPS,0,0.18083213,1,"[""WPS"",""华为浏览器"",""备忘录""]","[0,1,2]","[0.18083213,0.10209519,0.10079043]","[1.2561692,0.68450564,0.67164344]","[1.2561692,0.68450564,0.67164344,0.14527768,-0.02916035,-0.17364399,-0.11953471,-0.12014259,-0.31003889,-0.08317798,-0.42151171,-0.46676764,-0.45377409,-0.70264977,-0.67701823,-0.24475881,-0.51660877,-0.26920095,-0.6777882]","[0.18083213,0.10209519,0.10079043,0.05954174,0.05001083,0.04328283,0.04568935,0.04566158,0.03776418,0.04738104,0.03378065,0.03228595,0.0327082,0.02550183,0.02616393,0.04031167,0.03071623,0.03933832,0.02614379]"
final_eval,test,best_val_recall8,,37,device-00000079,2026-05-16 00:12:15,备忘录|WPS|备忘录|WPS|备忘录|WPS|备忘录|WPS|备忘录|WPS|备忘录|WPS|备忘录|WPS,"[4,2,4,2,4,2,4,2,4,2,4,2,4,2]",14,备忘录,2,WPS,0,0.15108953,2,"[""WPS"",""备忘录"",""华为浏览器""]","[0,2,1]","[0.15108953,0.13512571,0.11743817]","[1.0898,0.97813296,0.83783942]","[1.0898,0.83783942,0.97813296,0.25850704,0.00434612,-0.16890679,-0.12130283,-0.12653172,-0.54639894,-0.20450088,-0.4047254,-0.44169277,-0.41923553,-0.79469794,-0.75387138,-0.22461359,-0.54670084,-0.34939435,-0.77785969]","[0.15108953,0.11743817,0.13512571,0.06579735,0.05103026,0.04291261,0.04500483,0.04477011,0.02941997,0.04141204,0.0338977,0.03266747,0.03340939,0.0229513,0.02390772,0.04058746,0.02941109,0.03582616,0.02334103]"
final_eval,test,best_val_recall8,,38,device-00000079,2026-05-16 00:12:19,备忘录|WPS|备忘录|WPS|备忘录|WPS|备忘录|WPS|备忘录|WPS|备忘录|WPS|备忘录|WPS|备忘录,"[4,2,4,2,4,2,4,2,4,2,4,2,4,2,4]",15,WPS,0,WPS,0,0.18130961,1,"[""WPS"",""华为浏览器"",""备忘录""]","[0,1,2]","[0.18130961,0.10206453,0.10089681]","[1.25914598,0.6845451,0.67303813]","[1.25914598,0.6845451,0.67303813,0.1454228,-0.03038067,-0.17299834,-0.12036684,-0.12001722,-0.31113094,-0.08373331,-0.42271182,-0.46778074,-0.45480448,-0.70378441,-0.67768568,-0.24535033,-0.51723611,-0.26890445,-0.67912334]","[0.18130961,0.10206453,0.10089681,0.05953015,0.04993286,0.04329607,0.04563584,0.0456518,0.03771015,0.04733863,0.03372867,0.03224231,0.03266342,0.02546425,0.02613759,0.04027415,0.03068654,0.03933661,0.02610004]"
final_eval,test,best_val_recall8,,39,device-00000094,2026-05-04 23:17:35,剪映,[12],1,微信,3,哔哩哔哩,7,0.07159819,6,"[""哔哩哔哩"",""WPS"",""抖音""]","[7,0,6]","[0.07159819,0.06708288,0.05989622]","[0.27229783,0.20715699,0.09384151]","[0.20715699,-0.08862891,0.06548807,0.04052987,-0.09314721,0.06237307,0.09384151,0.27229783,-0.20737019,-0.04579804,-0.09467184,0.00611129,-0.3045156,-0.18068199,-0.22207597,-0.02626714,-0.00525284,-0.20025352,-0.15922168]","[0.06708288,0.04990609,0.05822181,0.05678668,0.0496811,0.05804073,0.05989622,0.07159819,0.04431848,0.05209005,0.04960542,0.05486542,0.04021565,0.04551719,0.04367151,0.05311741,0.05424545,0.04463501,0.04650456]"
final_eval,test,best_val_recall8,,40,device-00000094,2026-05-07 20:04:21,备忘录,[4],1,WPS,0,WPS,0,0.08971044,1,"[""WPS"",""华为浏览器"",""备忘录""]","[0,1,2]","[0.08971044,0.07165939,0.06338761]","[0.51290429,0.28824121,0.16558544]","[0.51290429,0.28824121,0.16558544,0.02131892,0.06147591,-0.05240984,-0.01121944,0.0800637,-0.06990828,0.08606992,-0.11832032,-0.28630191,-0.21485159,-0.2854811,-0.27742651,0.00930883,-0.26796556,-0.20078778,-0.27927306]","[0.08971044,0.07165939,0.06338761,0.05487193,0.05712026,0.05097183,0.05311522,0.05819193,0.05008766,0.05854249,0.04772057,0.04034151,0.0433294,0.04037464,0.04070115,0.05421685,0.04108805,0.04394308,0.04062606]"
final_eval,test,best_val_recall8,,41,device-00000094,2026-05-09 19:15:29,钉钉,[15],1,哔哩哔哩,7,mindmaster,15,0.06316783,2,"[""mindmaster"",""哔哩哔哩"",""华为音乐""]","[15,7,4]","[0.06316783,0.06155376,0.05859858]","[0.15195377,0.12606955,0.076869]","[0.07617242,-0.07705048,-0.03605506,0.03387923,0.076869,0.00672518,-0.07055563,0.12606955,0.01907108,-0.00126571,-0.09723938,-0.11895788,-0.04362854,-0.20860988,-0.15091501,0.15195377,-0.0493511,-0.11493814,-0.19556232]","[0.05855777,0.05023897,0.05234133,0.05613282,0.05859858,0.05462909,0.05056632,0.06155376,0.05530772,0.0541943,0.04923487,0.04817709,0.05194642,0.04404587,0.04666182,0.06316783,0.05165,0.04837114,0.04462432]"
final_eval,test,best_val_recall8,,42,device-00000100,2026-05-01 07:44:43,华为音乐,[6],1,华为浏览器,1,WPS,0,0.06760579,5,"[""WPS"",""华为视频"",""哔哩哔哩""]","[0,5,7]","[0.06760579,0.06420808,0.05801192]","[0.238914,0.18734938,0.08586904]","[0.238914,0.05297065,0.02051903,0.00647135,0.0255587,0.18734938,0.01990644,0.08586904,-0.09646695,0.0306989,0.03073226,-0.14133199,-0.07435831,-0.10631856,-0.17755884,-0.13306344,0.05319493,-0.14382206,-0.23478298]","[0.06760579,0.05613448,0.05434207,0.05358402,0.05461662,0.06420808,0.05430879,0.05801192,0.04834257,0.05489808,0.05489992,0.04622162,0.04942327,0.04786866,0.04457712,0.04660539,0.05614707,0.04610667,0.04209785]"
final_eval,test,best_val_recall8,,43,device-00000134,2026-05-05 23:03:23,华为浏览器,[3],1,WPS,0,WPS,0,0.0809985,1,"[""WPS"",""微信"",""华为浏览器""]","[0,3,1]","[0.0809985,0.06947647,0.06564708]","[0.40398413,0.25054166,0.19384673]","[0.40398413,0.19384673,0.02805375,0.25054166,-0.01133633,-0.07104757,0.04564459,0.11761377,-0.06556895,-0.02245101,-0.20272967,-0.12861072,-0.27762192,-0.2018494,-0.26994151,-0.07231759,-0.12073218,-0.21187642,-0.22190216]","[0.0809985,0.06564708,0.05561763,0.06947647,0.05346943,0.05037016,0.05660464,0.06082861,0.05064688,0.05287843,0.04415547,0.04755256,0.04096936,0.04419435,0.04128524,0.05030623,0.04792869,0.04375343,0.04331696]"
final_eval,test,best_val_recall8,,44,device-00000134,2026-05-05 23:29:33,华为浏览器|WPS,"[3,2]",2,华为浏览器,1,华为浏览器,1,0.10245007,1,"[""华为浏览器"",""WPS"",""备忘录""]","[1,0,2]","[0.10245007,0.08541696,0.08537216]","[0.62525898,0.4434281,0.44290355]","[0.4434281,0.62525898,0.44290355,0.30352035,0.05967831,-0.18687598,0.03188429,-0.01611316,-0.2965149,-0.05947644,-0.2981011,-0.20277447,-0.3298617,-0.5703547,-0.53120404,-0.22478905,-0.2947138,-0.33106247,-0.4842687]","[0.08541696,0.10245007,0.08537216,0.07426478,0.05819473,0.04547854,0.05659954,0.05394707,0.04075594,0.05165774,0.04069135,0.04476122,0.03941927,0.03099302,0.03223048,0.04378658,0.04082941,0.03937197,0.03377929]"
final_eval,test,best_val_recall8,,45,device-00000134,2026-05-05 23:29:33,华为浏览器|WPS|华为浏览器,"[3,2,3]",3,WPS,0,WPS,0,0.11271004,1,"[""WPS"",""华为浏览器"",""微信""]","[0,1,3]","[0.11271004,0.09479363,0.08081584]","[0.73241609,0.55929977,0.39977056]","[0.73241609,0.55929977,0.27479556,0.39977056,-0.0526426,-0.15213625,0.04718024,0.0023345,-0.20155331,-0.09891083,-0.36395231,-0.24074766,-0.38051742,-0.50479954,-0.53046894,-0.25540027,-0.27100655,-0.33459938,-0.46642593]","[0.11271004,0.09479363,0.07132152,0.08081584,0.05140626,0.04653786,0.05680263,0.05431155,0.044294,0.04908196,0.03765441,0.0425915,0.0370358,0.03270745,0.03187855,0.04197197,0.04132203,0.03877606,0.03398694]"
final_eval,test,best_val_recall8,,46,device-00000134,2026-05-06 10:51:59,备忘录,[4],1,WPS,0,WPS,0,0.08971044,1,"[""WPS"",""华为浏览器"",""备忘录""]","[0,1,2]","[0.08971044,0.07165939,0.06338761]","[0.51290429,0.28824121,0.16558544]","[0.51290429,0.28824121,0.16558544,0.02131892,0.06147591,-0.05240984,-0.01121944,0.0800637,-0.06990828,0.08606992,-0.11832032,-0.28630191,-0.21485159,-0.2854811,-0.27742651,0.00930883,-0.26796556,-0.20078778,-0.27927306]","[0.08971044,0.07165939,0.06338761,0.05487193,0.05712026,0.05097183,0.05311522,0.05819193,0.05008766,0.05854249,0.04772057,0.04034151,0.0433294,0.04037464,0.04070115,0.05421685,0.04108805,0.04394308,0.04062606]"
final_eval,test,best_val_recall8,,47,device-00000134,2026-05-18 01:16:00,华为视频,[7],1,备忘录,2,WPS,0,0.06934109,11,"[""WPS"",""华为视频"",""哔哩哔哩""]","[0,5,7]","[0.06934109,0.06846151,0.06066411]","[0.29817939,0.28541347,0.1644941]","[0.29817939,0.04557058,-0.02868778,0.14289367,0.14310259,0.28541347,0.16163646,0.1644941,0.09409276,0.10849963,-0.07100647,-0.28519806,-0.10359421,-0.2001144,-0.1188909,-0.02399483,-0.03915326,-0.16259456,-0.2468778]","[0.06934109,0.05386219,0.05000737,0.05936779,0.0593802,0.06846151,0.060491,0.06066411,0.05654015,0.05736061,0.04793528,0.03869306,0.04639836,0.04212932,0.04569401,0.05024261,0.04948675,0.04374003,0.04020456]"
final_eval,test,best_val_recall8,,48,device-00000134,2026-05-18 01:16:04,华为视频|备忘录,"[7,4]",2,华为邮箱,9,WPS,0,0.09531251,8,"[""WPS"",""华为视频"",""华为浏览器""]","[0,5,1]","[0.09531251,0.06755362,0.06441901]","[0.60294038,0.25870115,0.21118802]","[0.60294038,0.21118802,0.13493742,0.09365537,0.20057321,0.25870115,0.08279423,0.05978221,0.07087114,0.07456443,-0.15998551,-0.40262878,-0.25197688,-0.36775193,-0.31258991,0.00435878,-0.22643313,-0.17841196,-0.36810753]","[0.09531251,0.06441901,0.05968962,0.05727568,0.06373882,0.06755362,0.05665696,0.05536806,0.05598545,0.0561926,0.04444423,0.03486878,0.04053816,0.03610635,0.03815401,0.05238286,0.041587,0.04363278,0.03609351]"
final_eval,test,best_val_recall8,,49,device-00000136,2026-05-03 19:03:44,华为音乐,[6],1,微信,3,WPS,0,0.06760579,11,"[""WPS"",""华为视频"",""哔哩哔哩""]","[0,5,7]","[0.06760579,0.06420808,0.05801192]","[0.238914,0.18734938,0.08586904]","[0.238914,0.05297065,0.02051903,0.00647135,0.0255587,0.18734938,0.01990644,0.08586904,-0.09646695,0.0306989,0.03073226,-0.14133199,-0.07435831,-0.10631856,-0.17755884,-0.13306344,0.05319493,-0.14382206,-0.23478298]","[0.06760579,0.05613448,0.05434207,0.05358402,0.05461662,0.06420808,0.05430879,0.05801192,0.04834257,0.05489808,0.05489992,0.04622162,0.04942327,0.04786866,0.04457712,0.04660539,0.05614707,0.04610667,0.04209785]"
final_eval,test,best_val_recall8,,50,device-00000136,2026-05-03 19:10:40,华为音乐|微信,"[6,5]",2,哔哩哔哩,7,WPS,0,0.08382976,8,"[""WPS"",""华为浏览器"",""华为音乐""]","[0,1,4]","[0.08382976,0.0786856,0.06533507]","[0.45272893,0.38940108,0.20346981]","[0.45272893,0.38940108,0.11474198,0.08817964,0.20346981,0.18015651,0.07276746,0.06504381,-0.15222658,-0.00146014,-0.10335623,-0.21625757,-0.17291176,-0.27412951,-0.34910506,-0.22766018,-0.1718937,-0.30460158,-0.3799341]","[0.08382976,0.0786856,0.05978777,0.05822058,0.06533507,0.06382951,0.05733015,0.05688905,0.04577933,0.05322877,0.04807214,0.04293991,0.0448421,0.04052543,0.03759812,0.04245306,0.04488777,0.03930916,0.03645669]"
final_eval,test,best_val_recall8,,51,device-00000136,2026-05-03 19:11:35,华为音乐|微信|哔哩哔哩,"[6,5,10]",3,备忘录,2,WPS,0,0.08212792,6,"[""WPS"",""华为浏览器"",""华为音乐""]","[0,1,4]","[0.08212792,0.06868105,0.06688906]","[0.44308347,0.26427877,0.23784086]","[0.44308347,0.26427877,0.11596036,0.08903004,0.23784086,0.16397695,0.1045026,0.12295818,-0.14982525,-0.07745295,-0.14910389,-0.2452504,-0.02641292,-0.21656963,-0.31145427,-0.1306861,-0.025704,-0.29710022,-0.4100689]","[0.08212792,0.06868105,0.05921382,0.05764045,0.06688906,0.06212644,0.05853924,0.05962964,0.04539352,0.04880055,0.04542628,0.04126209,0.05135599,0.04246265,0.03861884,0.04627068,0.05139241,0.03917718,0.03499222]"
final_eval,test,best_val_recall8,,52,device-00000136,2026-05-03 19:13:15,华为音乐|微信|哔哩哔哩|备忘录,"[6,5,10,4]",4,华为视频,5,WPS,0,0.09746522,5,"[""WPS"",""华为浏览器"",""华为音乐""]","[0,1,4]","[0.09746522,0.07836165,0.0680588]","[0.61081654,0.39265567,0.25169289]","[0.61081654,0.39265567,0.18419608,0.07601415,0.25169289,0.1142053,0.05275441,0.03295714,-0.02994408,0.00609746,-0.13203996,-0.34829849,-0.2187883,-0.38498354,-0.42137462,-0.12785466,-0.19248948,-0.30403927,-0.41881993]","[0.09746522,0.07836165,0.06361665,0.05709367,0.0680588,0.05931631,0.05578101,0.05468755,0.0513536,0.05323821,0.04636937,0.03735178,0.04251644,0.03600635,0.0347196,0.04656385,0.0436494,0.03904207,0.03480841]"
final_eval,test,best_val_recall8,,53,device-00000136,2026-05-03 19:20:34,华为音乐|微信|哔哩哔哩|备忘录|华为视频,"[6,5,10,4,7]",5,华为浏览器,1,WPS,0,0.10037822,2,"[""WPS"",""华为浏览器"",""华为音乐""]","[0,1,4]","[0.10037822,0.07770119,0.06843289]","[0.67121482,0.41514018,0.28812319]","[0.67121482,0.41514018,0.16618255,0.18322173,0.28812319,0.17485105,0.14875036,0.0958844,0.02116264,0.02085433,-0.1542038,-0.36629751,-0.13859685,-0.41758999,-0.40328875,-0.1280669,-0.17386401,-0.37405869,-0.4231073]","[0.10037822,0.07770119,0.06057685,0.06161788,0.06843289,0.06110425,0.05953002,0.05646465,0.05239929,0.05238314,0.04397083,0.03556752,0.04466247,0.03378917,0.03427587,0.04513525,0.0431148,0.03529254,0.03360326]"
final_eval,test,best_val_recall8,,54,device-00000155,2026-05-02 23:25:49,华为浏览器,[3],1,华为邮箱,9,WPS,0,0.0809985,8,"[""WPS"",""微信"",""华为浏览器""]","[0,3,1]","[0.0809985,0.06947647,0.06564708]","[0.40398413,0.25054166,0.19384673]","[0.40398413,0.19384673,0.02805375,0.25054166,-0.01133633,-0.07104757,0.04564459,0.11761377,-0.06556895,-0.02245101,-0.20272967,-0.12861072,-0.27762192,-0.2018494,-0.26994151,-0.07231759,-0.12073218,-0.21187642,-0.22190216]","[0.0809985,0.06564708,0.05561763,0.06947647,0.05346943,0.05037016,0.05660464,0.06082861,0.05064688,0.05287843,0.04415547,0.04755256,0.04096936,0.04419435,0.04128524,0.05030623,0.04792869,0.04375343,0.04331696]"
final_eval,test,best_val_recall8,,55,device-00000155,2026-05-02 23:27:50,华为浏览器|华为邮箱,"[3,11]",2,华为浏览器,1,WPS,0,0.06891504,2,"[""WPS"",""华为浏览器"",""抖音""]","[0,1,6]","[0.06891504,0.06542535,0.06216256]","[0.24959859,0.197634,0.14647704]","[0.24959859,0.197634,0.09150787,0.11932334,-0.02960148,-0.10779411,0.14647704,0.08414122,-0.15606615,-0.10067064,-0.17291488,0.01771269,-0.21421076,-0.15997711,-0.15975766,-0.04390876,-0.01492345,-0.17508417,-0.13507992]","[0.06891504,0.06542535,0.05883775,0.06049732,0.05212655,0.04820592,0.06216256,0.05840591,0.04593419,0.04855053,0.04516674,0.05465215,0.04333952,0.04575489,0.04576494,0.05138607,0.05289731,0.04506886,0.04690836]"
final_eval,test,best_val_recall8,,56,device-00000155,2026-05-02 23:40:37,华为浏览器|华为邮箱|华为浏览器,"[3,11,3]",3,华为视频,5,WPS,0,0.08770382,11,"[""WPS"",""微信"",""华为浏览器""]","[0,3,1]","[0.08770382,0.07390517,0.07064515]","[0.49372393,0.32254133,0.27742785]","[0.49372393,0.27742785,0.0513542,0.32254133,0.0350352,-0.11305057,0.10077319,0.11504973,-0.14658189,-0.08865694,-0.29512247,-0.07625584,-0.32041234,-0.23467809,-0.27782592,-0.07358328,-0.11591095,-0.22551423,-0.23408963]","[0.08770382,0.07064515,0.05635076,0.07390517,0.05543863,0.0478079,0.05920551,0.06005683,0.04623142,0.04898845,0.03984987,0.04959974,0.0388547,0.04233285,0.04054513,0.04973248,0.04767135,0.04272256,0.04235777]"
final_eval,test,best_val_recall8,,57,device-00000205,2026-05-13 19:39:18,哔哩哔哩,[10],1,微信,3,中望CAD,16,0.06170132,8,"[""中望CAD"",""WPS"",""华为音乐""]","[16,0,4]","[0.06170132,0.06125453,0.06096523]","[0.17013587,0.16286834,0.15813416]","[0.16286834,-0.06946307,0.03221462,0.04134975,0.15813416,0.05780338,0.01809486,0.14868805,-0.02365379,0.1130351,0.00750798,-0.12248217,0.02843578,-0.13768506,-0.19063416,0.05727087,0.17013587,-0.15145665,-0.22342873]","[0.06125453,0.04855545,0.05375218,0.05424546,0.06096523,0.05514538,0.05299854,0.06039206,0.05083147,0.05827683,0.05244041,0.04604814,0.05354944,0.04535337,0.04301441,0.05511602,0.06170132,0.04473306,0.04162666]"
final_eval,test,best_val_recall8,,58,device-00000205,2026-05-16 09:31:39,WPS,[2],1,华为浏览器,1,华为浏览器,1,0.09829451,1,"[""华为浏览器"",""WPS"",""备忘录""]","[1,0,2]","[0.09829451,0.08595993,0.08561739]","[0.57226902,0.43818206,0.43418935]","[0.43818206,0.57226902,0.43418935,0.23850346,-0.00260794,-0.18443407,-0.03422632,-0.14791572,-0.39595559,-0.10415498,-0.1312293,-0.17662209,-0.23388727,-0.51968086,-0.45018718,-0.30580646,-0.26028425,-0.24594435,-0.45404679]","[0.08595993,0.09829451,0.08561739,0.07040066,0.05531761,0.04612085,0.05359592,0.04783624,0.03732799,0.04997607,0.04864115,0.04648256,0.04389551,0.03298385,0.03535755,0.04084942,0.04275196,0.04336943,0.03522135]"
final_eval,test,best_val_recall8,,59,device-00000205,2026-05-16 09:39:30,WPS|华为浏览器,"[2,3]",2,日历,8,WPS,0,0.12103179,14,"[""WPS"",""华为浏览器"",""微信""]","[0,1,3]","[0.12103179,0.09947173,0.08142624]","[0.80324805,0.60706824,0.40689242]","[0.80324805,0.60706824,0.2843923,0.40689242,-0.09753925,-0.1634578,-0.01943408,-0.11501571,-0.3192493,-0.18623891,-0.24710754,-0.212143,-0.34273338,-0.50309455,-0.47873512,-0.3785924,-0.26675901,-0.2889992,-0.44601581]","[0.12103179,0.09947173,0.07203826,0.08142624,0.04916913,0.04603248,0.05316345,0.04831729,0.03939173,0.04499567,0.04233854,0.04384506,0.03847743,0.03277646,0.03358468,0.03712211,0.04151464,0.04060154,0.03470172]"
final_eval,test,best_val_recall8,,60,device-00000227,2026-05-16 16:02:10,日历,[9],1,微信,3,WPS,0,0.07412585,6,"[""WPS"",""华为浏览器"",""备忘录""]","[0,1,2]","[0.07412585,0.06351998,0.06089396]","[0.32611173,0.17170203,0.12948132]","[0.32611173,0.17170203,0.12948132,0.06158218,0.10042461,0.080267,-0.08201488,0.05944824,-0.05858853,-0.03075279,0.00162934,-0.15092644,-0.13801399,-0.17740896,-0.27205986,-0.07478531,-0.09643602,-0.18216586,-0.18440321]","[0.07412585,0.06351998,0.06089396,0.05689655,0.05915004,0.05796965,0.04928588,0.05677527,0.0504541,0.05187826,0.05358569,0.0460039,0.04660177,0.04480159,0.04075558,0.04964349,0.04858023,0.04458898,0.04448933]"
final_eval,test,best_val_recall8,,61,device-00000227,2026-05-16 16:03:02,日历|微信,"[9,5]",2,钉钉,13,WPS,0,0.0887744,17,"[""WPS"",""华为浏览器"",""华为音乐""]","[0,1,4]","[0.0887744,0.08385359,0.06883091]","[0.50745487,0.45042881,0.25300953]","[0.50745487,0.45042881,0.19123361,0.07124298,0.25300953,0.07928318,-0.00427099,0.07429048,-0.13943979,-0.06679737,-0.09957782,-0.21078482,-0.22056423,-0.31815755,-0.39287612,-0.22414392,-0.27334365,-0.29461831,-0.32406396]","[0.0887744,0.08385359,0.0647075,0.05739094,0.06883091,0.05785424,0.05321671,0.0575661,0.04648844,0.04999115,0.04837899,0.04328727,0.04286601,0.03888023,0.03608103,0.04271284,0.04066223,0.0398063,0.03865126]"
final_eval,test,best_val_recall8,,62,device-00000227,2026-05-16 16:03:44,日历|微信|钉钉,"[9,5,15]",3,华为音乐,4,WPS,0,0.08300121,3,"[""WPS"",""华为浏览器"",""华为音乐""]","[0,1,4]","[0.08300121,0.07544295,0.0727667]","[0.42595673,0.33047834,0.29435995]","[0.42595673,0.33047834,0.16106302,0.13071831,0.29435995,0.03349918,-0.07324691,0.10242061,-0.11212888,-0.14574713,-0.1492497,-0.24771443,-0.11160804,-0.33377317,-0.31234983,-0.14192042,-0.31570598,-0.30156782,-0.33362752]","[0.08300121,0.07544295,0.06368579,0.06178229,0.0727667,0.0560586,0.05038289,0.0600585,0.0484615,0.04685939,0.04669555,0.04231679,0.04848675,0.03882737,0.03966815,0.04703905,0.03953524,0.04009817,0.03883302]"
final_eval,test,best_val_recall8,,63,device-00000227,2026-05-16 16:20:34,微信|钉钉|华为音乐,"[5,15,6]",3,海泰浏览器,11,WPS,0,0.09084769,14,"[""WPS"",""华为浏览器"",""华为音乐""]","[0,1,4]","[0.09084769,0.07407708,0.06135178]","[0.50449181,0.30041358,0.11193151]","[0.50449181,0.30041358,0.1004861,-0.01759217,0.11193151,0.0925145,0.05360034,0.08877408,-0.10903814,-0.07910749,-0.24424936,-0.23776653,-0.18003184,-0.31395802,-0.30020913,-0.13879272,-0.20949861,-0.29879719,-0.43090868]","[0.09084769,0.07407708,0.06065358,0.05389838,0.06135178,0.060172,0.05787543,0.05994735,0.04918823,0.05068273,0.04296747,0.04324692,0.04581725,0.04007427,0.04062906,0.04774622,0.04448687,0.04068646,0.03565124]"
final_eval,test,best_val_recall8,,64,device-00000227,2026-05-16 16:20:53,微信|钉钉|华为音乐|海泰浏览器,"[5,15,6,13]",4,备忘录,2,WPS,0,0.08298793,5,"[""WPS"",""华为浏览器"",""抖音""]","[0,1,6]","[0.08298793,0.0660895,0.06356775]","[0.40346253,0.1757772,0.13687359]","[0.40346253,0.1757772,0.11228825,0.00723674,0.10633283,0.1330699,0.13687359,0.10355848,-0.11152931,-0.14283216,-0.27876112,-0.19152248,-0.13947289,-0.33553803,-0.28566471,-0.12189215,-0.26923433,-0.36841819,-0.36807686]","[0.08298793,0.0660895,0.06202397,0.05583883,0.06165569,0.06332642,0.06356775,0.06148487,0.04958574,0.04805761,0.04194971,0.04577372,0.04821932,0.03963429,0.04166111,0.04907455,0.04235127,0.0383523,0.03836539]"
final_eval,test,best_val_recall8,,65,device-00000227,2026-05-16 16:52:20,微信|钉钉|华为音乐|海泰浏览器|备忘录,"[5,15,6,13,4]",5,华为浏览器,1,WPS,0,0.10270867,2,"[""WPS"",""华为浏览器"",""备忘录""]","[0,1,2]","[0.10270867,0.08112323,0.06387889]","[0.63364857,0.39772132,0.15874097]","[0.63364857,0.39772132,0.15874097,-0.01950555,0.15120932,0.04863498,0.08931532,0.01260531,0.00277987,0.02040759,-0.28162059,-0.33363834,-0.29371583,-0.45043179,-0.4212316,-0.1199865,-0.36175168,-0.31145051,-0.42491451]","[0.10270867,0.08112323,0.06387889,0.05344977,0.06339958,0.05721883,0.0595945,0.05519394,0.0546543,0.05562627,0.04112546,0.03904089,0.04063103,0.03473737,0.03576667,0.0483401,0.03795861,0.03991681,0.03563518]"
final_eval,test,best_val_recall8,,66,device-00000227,2026-05-16 16:55:44,微信|钉钉|华为音乐|海泰浏览器|备忘录|华为浏览器,"[5,15,6,13,4,3]",6,华为邮箱,9,WPS,0,0.11604848,11,"[""WPS"",""华为浏览器"",""微信""]","[0,1,3]","[0.11604848,0.08569089,0.06514952]","[0.76698619,0.46372458,0.18966308]","[0.76698619,0.46372458,0.16657242,0.18966308,0.05978606,0.03321842,0.09904863,0.00459403,-0.08660552,-0.12110361,-0.31779402,-0.37715271,-0.30666399,-0.46125054,-0.41041538,-0.09651238,-0.32727301,-0.34950361,-0.45066792]","[0.11604848,0.08569089,0.0636624,0.06514952,0.05721453,0.05571449,0.0595056,0.05414231,0.04942302,0.04774709,0.03922161,0.03696121,0.03966059,0.03397997,0.03575201,0.04893581,0.03885158,0.03799742,0.03434148]"
final_eval,test,best_val_recall8,,67,device-00000249,2026-05-03 16:44:07,华为邮箱,[11],1,日历,8,抖音,6,0.06126747,19,"[""抖音"",""海泰浏览器"",""哔哩哔哩""]","[6,11,7]","[0.06126747,0.0603568,0.0572639]","[0.15634371,0.1413683,0.08876499]","[0.06504051,0.02116998,0.01955166,-0.05610375,-0.05253843,-0.02623208,0.15634371,0.08876499,-0.22099677,-0.0297109,0.00456042,0.1413683,-0.08394878,0.00039666,-0.0116505,0.02978157,0.02949294,-0.07606654,0.02093893]","[0.05592133,0.05352107,0.05343452,0.04954105,0.049718,0.05104325,0.06126747,0.0572639,0.04201004,0.05086599,0.05263945,0.0603568,0.04818061,0.05242072,0.05179299,0.05398396,0.05396838,0.04856188,0.0535087]"
final_eval,test,best_val_recall8,,68,device-00000249,2026-05-03 17:10:20,日历,[9],1,微信,3,WPS,0,0.07412585,6,"[""WPS"",""华为浏览器"",""备忘录""]","[0,1,2]","[0.07412585,0.06351998,0.06089396]","[0.32611173,0.17170203,0.12948132]","[0.32611173,0.17170203,0.12948132,0.06158218,0.10042461,0.080267,-0.08201488,0.05944824,-0.05858853,-0.03075279,0.00162934,-0.15092644,-0.13801399,-0.17740896,-0.27205986,-0.07478531,-0.09643602,-0.18216586,-0.18440321]","[0.07412585,0.06351998,0.06089396,0.05689655,0.05915004,0.05796965,0.04928588,0.05677527,0.0504541,0.05187826,0.05358569,0.0460039,0.04660177,0.04480159,0.04075558,0.04964349,0.04858023,0.04458898,0.04448933]"
final_eval,test,best_val_recall8,,69,device-00000249,2026-05-03 17:21:31,日历|微信,"[9,5]",2,钉钉,13,WPS,0,0.0887744,17,"[""WPS"",""华为浏览器"",""华为音乐""]","[0,1,4]","[0.0887744,0.08385359,0.06883091]","[0.50745487,0.45042881,0.25300953]","[0.50745487,0.45042881,0.19123361,0.07124298,0.25300953,0.07928318,-0.00427099,0.07429048,-0.13943979,-0.06679737,-0.09957782,-0.21078482,-0.22056423,-0.31815755,-0.39287612,-0.22414392,-0.27334365,-0.29461831,-0.32406396]","[0.0887744,0.08385359,0.0647075,0.05739094,0.06883091,0.05785424,0.05321671,0.0575661,0.04648844,0.04999115,0.04837899,0.04328727,0.04286601,0.03888023,0.03608103,0.04271284,0.04066223,0.0398063,0.03865126]"
final_eval,test,best_val_recall8,,70,device-00000249,2026-05-03 18:15:35,钉钉,[15],1,哔哩哔哩,7,mindmaster,15,0.06316783,2,"[""mindmaster"",""哔哩哔哩"",""华为音乐""]","[15,7,4]","[0.06316783,0.06155376,0.05859858]","[0.15195377,0.12606955,0.076869]","[0.07617242,-0.07705048,-0.03605506,0.03387923,0.076869,0.00672518,-0.07055563,0.12606955,0.01907108,-0.00126571,-0.09723938,-0.11895788,-0.04362854,-0.20860988,-0.15091501,0.15195377,-0.0493511,-0.11493814,-0.19556232]","[0.05855777,0.05023897,0.05234133,0.05613282,0.05859858,0.05462909,0.05056632,0.06155376,0.05530772,0.0541943,0.04923487,0.04817709,0.05194642,0.04404587,0.04666182,0.06316783,0.05165,0.04837114,0.04462432]"
final_eval,test,best_val_recall8,,71,device-00000249,2026-05-03 19:09:43,哔哩哔哩,[10],1,备忘录,2,中望CAD,16,0.06170132,9,"[""中望CAD"",""WPS"",""华为音乐""]","[16,0,4]","[0.06170132,0.06125453,0.06096523]","[0.17013587,0.16286834,0.15813416]","[0.16286834,-0.06946307,0.03221462,0.04134975,0.15813416,0.05780338,0.01809486,0.14868805,-0.02365379,0.1130351,0.00750798,-0.12248217,0.02843578,-0.13768506,-0.19063416,0.05727087,0.17013587,-0.15145665,-0.22342873]","[0.06125453,0.04855545,0.05375218,0.05424546,0.06096523,0.05514538,0.05299854,0.06039206,0.05083147,0.05827683,0.05244041,0.04604814,0.05354944,0.04535337,0.04301441,0.05511602,0.06170132,0.04473306,0.04162666]"
final_eval,test,best_val_recall8,,72,device-00000249,2026-05-03 19:23:56,备忘录,[4],1,华为浏览器,1,WPS,0,0.08971044,2,"[""WPS"",""华为浏览器"",""备忘录""]","[0,1,2]","[0.08971044,0.07165939,0.06338761]","[0.51290429,0.28824121,0.16558544]","[0.51290429,0.28824121,0.16558544,0.02131892,0.06147591,-0.05240984,-0.01121944,0.0800637,-0.06990828,0.08606992,-0.11832032,-0.28630191,-0.21485159,-0.2854811,-0.27742651,0.00930883,-0.26796556,-0.20078778,-0.27927306]","[0.08971044,0.07165939,0.06338761,0.05487193,0.05712026,0.05097183,0.05311522,0.05819193,0.05008766,0.05854249,0.04772057,0.04034151,0.0433294,0.04037464,0.04070115,0.05421685,0.04108805,0.04394308,0.04062606]"
final_eval,test,best_val_recall8,,73,device-00000249,2026-05-08 14:51:36,WPS,[2],1,小红书,10,华为浏览器,1,0.09829451,8,"[""华为浏览器"",""WPS"",""备忘录""]","[1,0,2]","[0.09829451,0.08595993,0.08561739]","[0.57226902,0.43818206,0.43418935]","[0.43818206,0.57226902,0.43418935,0.23850346,-0.00260794,-0.18443407,-0.03422632,-0.14791572,-0.39595559,-0.10415498,-0.1312293,-0.17662209,-0.23388727,-0.51968086,-0.45018718,-0.30580646,-0.26028425,-0.24594435,-0.45404679]","[0.08595993,0.09829451,0.08561739,0.07040066,0.05531761,0.04612085,0.05359592,0.04783624,0.03732799,0.04997607,0.04864115,0.04648256,0.04389551,0.03298385,0.03535755,0.04084942,0.04275196,0.04336943,0.03522135]"
final_eval,test,best_val_recall8,,74,device-00000269,2026-05-03 00:18:05,微信,[5],1,海泰浏览器,11,WPS,0,0.08571474,10,"[""WPS"",""华为浏览器"",""华为音乐""]","[0,1,4]","[0.08571474,0.08265866,0.06150256]","[0.44846028,0.41215512,0.11651426]","[0.44846028,0.41215512,0.09868817,0.03281443,0.11651426,-0.02869501,0.0948637,0.06621234,-0.1815924,0.01174656,-0.2216123,-0.16876906,-0.24092408,-0.27406815,-0.33071974,-0.17459321,-0.26061139,-0.32061225,-0.35657457]","[0.08571474,0.08265866,0.06041592,0.05656435,0.06150256,0.05318995,0.06018531,0.05848538,0.04564856,0.05538512,0.04385778,0.0462377,0.04301893,0.04161648,0.03932438,0.04596918,0.04218029,0.03972387,0.03832069]"
final_eval,test,best_val_recall8,,75,device-00000273,2026-05-01 20:18:56,华为浏览器,[3],1,微信,3,WPS,0,0.0809985,2,"[""WPS"",""微信"",""华为浏览器""]","[0,3,1]","[0.0809985,0.06947647,0.06564708]","[0.40398413,0.25054166,0.19384673]","[0.40398413,0.19384673,0.02805375,0.25054166,-0.01133633,-0.07104757,0.04564459,0.11761377,-0.06556895,-0.02245101,-0.20272967,-0.12861072,-0.27762192,-0.2018494,-0.26994151,-0.07231759,-0.12073218,-0.21187642,-0.22190216]","[0.0809985,0.06564708,0.05561763,0.06947647,0.05346943,0.05037016,0.05660464,0.06082861,0.05064688,0.05287843,0.04415547,0.04755256,0.04096936,0.04419435,0.04128524,0.05030623,0.04792869,0.04375343,0.04331696]"
final_eval,test,best_val_recall8,,76,device-00000273,2026-05-01 20:21:36,华为浏览器|微信,"[3,5]",2,华为邮箱,9,WPS,0,0.0933695,8,"[""WPS"",""华为浏览器"",""微信""]","[0,1,3]","[0.0933695,0.08821439,0.06551468]","[0.54759753,0.49080291,0.19330712]","[0.54759753,0.49080291,0.1355048,0.19330712,0.1626294,-0.05547742,0.10208554,0.1345541,-0.16163816,0.00762673,-0.30652449,-0.15761498,-0.35539877,-0.35312682,-0.40928325,-0.23516017,-0.27635837,-0.37592313,-0.39769593]","[0.0933695,0.08821439,0.06183515,0.06551468,0.06353536,0.05108494,0.05980282,0.06177639,0.04593967,0.0544125,0.03974336,0.04612487,0.03784763,0.03793372,0.0358622,0.04268327,0.04096053,0.03707875,0.03628017]"
final_eval,test,best_val_recall8,,77,device-00000273,2026-05-01 22:39:01,WPS,[2],1,华为音乐,4,华为浏览器,1,0.09829451,5,"[""华为浏览器"",""WPS"",""备忘录""]","[1,0,2]","[0.09829451,0.08595993,0.08561739]","[0.57226902,0.43818206,0.43418935]","[0.43818206,0.57226902,0.43418935,0.23850346,-0.00260794,-0.18443407,-0.03422632,-0.14791572,-0.39595559,-0.10415498,-0.1312293,-0.17662209,-0.23388727,-0.51968086,-0.45018718,-0.30580646,-0.26028425,-0.24594435,-0.45404679]","[0.08595993,0.09829451,0.08561739,0.07040066,0.05531761,0.04612085,0.05359592,0.04783624,0.03732799,0.04997607,0.04864115,0.04648256,0.04389551,0.03298385,0.03535755,0.04084942,0.04275196,0.04336943,0.03522135]"
final_eval,test,best_val_recall8,,78,device-00000273,2026-05-01 23:17:20,WPS|华为音乐,"[2,6]",2,华为视频,5,WPS,0,0.10164125,5,"[""WPS"",""华为浏览器"",""备忘录""]","[0,1,2]","[0.10164125,0.08348646,0.07465023]","[0.62049884,0.42373389,0.31186298]","[0.62049884,0.42373389,0.31186298,0.14437282,-0.01293918,0.01740502,-0.03502629,-0.10530128,-0.32713941,-0.14209694,-0.09391549,-0.18249714,-0.21076198,-0.40719756,-0.38122103,-0.369046,-0.14955361,-0.20277917,-0.41613773]","[0.10164125,0.08348646,0.07465023,0.06313804,0.0539475,0.05560959,0.05276902,0.04918798,0.03940179,0.04741097,0.04975122,0.04553374,0.04426474,0.03637032,0.03732747,0.03778471,0.04705876,0.04461952,0.03604661]"
final_eval,test,best_val_recall8,,79,device-00000273,2026-05-02 00:06:23,华为视频,[7],1,抖音,6,WPS,0,0.06934109,4,"[""WPS"",""华为视频"",""哔哩哔哩""]","[0,5,7]","[0.06934109,0.06846151,0.06066411]","[0.29817939,0.28541347,0.1644941]","[0.29817939,0.04557058,-0.02868778,0.14289367,0.14310259,0.28541347,0.16163646,0.1644941,0.09409276,0.10849963,-0.07100647,-0.28519806,-0.10359421,-0.2001144,-0.1188909,-0.02399483,-0.03915326,-0.16259456,-0.2468778]","[0.06934109,0.05386219,0.05000737,0.05936779,0.0593802,0.06846151,0.060491,0.06066411,0.05654015,0.05736061,0.04793528,0.03869306,0.04639836,0.04212932,0.04569401,0.05024261,0.04948675,0.04374003,0.04020456]"
final_eval,test,best_val_recall8,,80,device-00000273,2026-05-02 00:06:27,华为视频|抖音,"[7,8]",2,华为视频,5,华为视频,5,0.08724874,1,"[""华为视频"",""WPS"",""哔哩哔哩""]","[5,0,7]","[0.08724874,0.06928258,0.06307164]","[0.52790922,0.29733968,0.20341736]","[0.29733968,0.0322842,-0.18047127,-0.00028449,0.13891304,0.52790922,0.18846342,0.20341736,0.12302565,0.10363354,-0.0462952,-0.27915263,-0.13705999,-0.06414302,-0.08575705,-0.19739427,-0.11565115,-0.24247211,-0.26746586]","[0.06928258,0.05315107,0.04296486,0.05144789,0.05913169,0.08724874,0.06213549,0.06307164,0.05819966,0.05708192,0.04913437,0.03892751,0.0448711,0.0482652,0.04723319,0.04224389,0.0458421,0.0403819,0.03938512]"
final_eval,test,best_val_recall8,,81,device-00000273,2026-05-02 00:06:47,华为视频|抖音|华为视频,"[7,8,7]",3,日历,8,华为视频,5,0.0872954,6,"[""华为视频"",""WPS"",""抖音""]","[5,0,6]","[0.0872954,0.07716361,0.06652578]","[0.54670483,0.42333508,0.27499661]","[0.42333508,0.10941294,-0.11149277,0.12790631,0.21697113,0.54670483,0.27499661,0.21470141,0.16463605,0.0710104,-0.09916592,-0.4163903,-0.15523779,-0.25034058,-0.11336468,-0.12358125,-0.12182762,-0.27648669,-0.3318648]","[0.07716361,0.05637388,0.04520014,0.05742612,0.06277545,0.0872954,0.06652578,0.06263313,0.05957458,0.05425002,0.04576077,0.03332149,0.04326548,0.03934041,0.04511561,0.04465703,0.04473541,0.03832515,0.03626047]"
final_eval,test,best_val_recall8,,82,device-00000273,2026-05-02 01:04:02,抖音|华为视频|日历,"[8,7,9]",3,备忘录,2,WPS,0,0.08029844,9,"[""WPS"",""华为视频"",""哔哩哔哩""]","[0,5,7]","[0.08029844,0.07497978,0.06292422]","[0.41835445,0.34982282,0.17453536]","[0.41835445,0.16996518,-0.01069577,0.05768915,0.10970879,0.34982282,0.10090964,0.17453536,0.02910203,-0.01370814,-0.04810785,-0.37872928,-0.1795797,-0.26298222,-0.14326626,-0.09264419,-0.17161937,-0.29846764,-0.33241558]","[0.08029844,0.0626373,0.0522845,0.05598506,0.05897446,0.07497978,0.05845781,0.06292422,0.05440727,0.05212723,0.05036457,0.03618579,0.04415985,0.04062621,0.04579292,0.04817073,0.04451278,0.03920985,0.0379011]"
final_eval,test,best_val_recall8,,83,device-00000273,2026-05-03 15:23:47,备忘录,[4],1,WPS,0,WPS,0,0.08971044,1,"[""WPS"",""华为浏览器"",""备忘录""]","[0,1,2]","[0.08971044,0.07165939,0.06338761]","[0.51290429,0.28824121,0.16558544]","[0.51290429,0.28824121,0.16558544,0.02131892,0.06147591,-0.05240984,-0.01121944,0.0800637,-0.06990828,0.08606992,-0.11832032,-0.28630191,-0.21485159,-0.2854811,-0.27742651,0.00930883,-0.26796556,-0.20078778,-0.27927306]","[0.08971044,0.07165939,0.06338761,0.05487193,0.05712026,0.05097183,0.05311522,0.05819193,0.05008766,0.05854249,0.04772057,0.04034151,0.0433294,0.04037464,0.04070115,0.05421685,0.04108805,0.04394308,0.04062606]"
final_eval,test,best_val_recall8,,84,device-00000421,2026-05-03 14:29:01,微信,[5],1,WPS,0,WPS,0,0.08571474,1,"[""WPS"",""华为浏览器"",""华为音乐""]","[0,1,4]","[0.08571474,0.08265866,0.06150256]","[0.44846028,0.41215512,0.11651426]","[0.44846028,0.41215512,0.09868817,0.03281443,0.11651426,-0.02869501,0.0948637,0.06621234,-0.1815924,0.01174656,-0.2216123,-0.16876906,-0.24092408,-0.27406815,-0.33071974,-0.17459321,-0.26061139,-0.32061225,-0.35657457]","[0.08571474,0.08265866,0.06041592,0.05656435,0.06150256,0.05318995,0.06018531,0.05848538,0.04564856,0.05538512,0.04385778,0.0462377,0.04301893,0.04161648,0.03932438,0.04596918,0.04218029,0.03972387,0.03832069]"
final_eval,test,best_val_recall8,,85,device-00000421,2026-05-04 01:24:11,微信,[5],1,WPS,0,WPS,0,0.08571474,1,"[""WPS"",""华为浏览器"",""华为音乐""]","[0,1,4]","[0.08571474,0.08265866,0.06150256]","[0.44846028,0.41215512,0.11651426]","[0.44846028,0.41215512,0.09868817,0.03281443,0.11651426,-0.02869501,0.0948637,0.06621234,-0.1815924,0.01174656,-0.2216123,-0.16876906,-0.24092408,-0.27406815,-0.33071974,-0.17459321,-0.26061139,-0.32061225,-0.35657457]","[0.08571474,0.08265866,0.06041592,0.05656435,0.06150256,0.05318995,0.06018531,0.05848538,0.04564856,0.05538512,0.04385778,0.0462377,0.04301893,0.04161648,0.03932438,0.04596918,0.04218029,0.03972387,0.03832069]"
final_eval,test,best_val_recall8,,86,device-00000428,2026-05-01 12:12:52,日历,[9],1,华为音乐,4,WPS,0,0.07412585,4,"[""WPS"",""华为浏览器"",""备忘录""]","[0,1,2]","[0.07412585,0.06351998,0.06089396]","[0.32611173,0.17170203,0.12948132]","[0.32611173,0.17170203,0.12948132,0.06158218,0.10042461,0.080267,-0.08201488,0.05944824,-0.05858853,-0.03075279,0.00162934,-0.15092644,-0.13801399,-0.17740896,-0.27205986,-0.07478531,-0.09643602,-0.18216586,-0.18440321]","[0.07412585,0.06351998,0.06089396,0.05689655,0.05915004,0.05796965,0.04928588,0.05677527,0.0504541,0.05187826,0.05358569,0.0460039,0.04660177,0.04480159,0.04075558,0.04964349,0.04858023,0.04458898,0.04448933]"
final_eval,test,best_val_recall8,,87,device-00000428,2026-05-01 12:12:53,日历|华为音乐,"[9,6]",2,日历,8,WPS,0,0.07595494,11,"[""WPS"",""华为视频"",""华为浏览器""]","[0,5,1]","[0.07595494,0.06511104,0.06208878]","[0.35917652,0.20513044,0.15760159]","[0.35917652,0.15760159,0.14237136,0.02146204,0.13655269,0.20513044,-0.01739613,0.06808075,-0.05998154,-0.07961156,0.02454183,-0.20241651,-0.11293977,-0.19565582,-0.25364569,-0.17956196,-0.01419012,-0.15532124,-0.25554952]","[0.07595494,0.06208878,0.06115032,0.05418617,0.06079554,0.06511104,0.05212098,0.05677207,0.04994798,0.04897707,0.05435331,0.04331709,0.04737165,0.04361093,0.04115387,0.04431848,0.05228835,0.04540592,0.04107559]"
final_eval,test,best_val_recall8,,88,device-00000428,2026-05-01 12:13:00,日历|华为音乐|日历,"[9,6,9]",3,华为音乐,4,WPS,0,0.08797041,5,"[""WPS"",""华为浏览器"",""备忘录""]","[0,1,2]","[0.08797041,0.06815501,0.0673965]","[0.51032281,0.25510696,0.24391538]","[0.51032281,0.25510696,0.24391538,0.08871794,0.16481796,0.23590857,-0.06428224,0.04900933,-0.09172248,-0.1011904,0.00238594,-0.24521786,-0.15951262,-0.27640727,-0.36945474,-0.16917551,-0.11935578,-0.21781313,-0.30347225]","[0.08797041,0.06815501,0.0673965,0.057708,0.06227099,0.06685902,0.04952093,0.05546139,0.04818054,0.04772653,0.05293494,0.04132468,0.04502262,0.04005568,0.03649674,0.04458967,0.04686738,0.04247283,0.03898611]"
final_eval,test,best_val_recall8,,89,device-00000428,2026-05-01 12:24:30,日历|华为音乐|日历|华为音乐,"[9,6,9,6]",4,华为浏览器,1,WPS,0,0.08127434,3,"[""WPS"",""华为视频"",""华为浏览器""]","[0,5,1]","[0.08127434,0.06981863,0.06499241]","[0.43426687,0.28233743,0.21070704]","[0.43426687,0.21070704,0.20614797,0.04786152,0.17947796,0.28233743,-0.0090769,0.06944414,-0.08116782,-0.12996373,0.01631896,-0.25647321,-0.13639697,-0.25016743,-0.2952913,-0.22427204,-0.01459975,-0.16214783,-0.31132811]","[0.08127434,0.06499241,0.06469678,0.05522551,0.06299412,0.06981863,0.0521689,0.05643038,0.04854036,0.04622865,0.05351074,0.0407351,0.0459322,0.04099278,0.03918414,0.04206817,0.05188158,0.04476451,0.03856077]"
final_eval,test,best_val_recall8,,90,device-00000428,2026-05-01 12:25:36,日历|华为音乐|日历|华为音乐|华为浏览器,"[9,6,9,6,3]",5,抖音,6,WPS,0,0.09411164,8,"[""WPS"",""华为浏览器"",""微信""]","[0,1,3]","[0.09411164,0.07035809,0.06994672]","[0.58464003,0.2937561,0.28789222]","[0.58464003,0.2937561,0.22301732,0.28789222,0.1619153,0.22433068,-0.00010282,0.03429163,-0.07170226,-0.2276417,-0.08620309,-0.34912997,-0.20853168,-0.3247309,-0.31911582,-0.20132616,-0.08163629,-0.21737498,-0.31505275]","[0.09411164,0.07035809,0.065553,0.06994672,0.0616675,0.06563915,0.05244363,0.05427878,0.04881997,0.0417709,0.04811715,0.03699237,0.04257682,0.03790605,0.03811949,0.04288472,0.04833739,0.04220196,0.03827469]"
final_eval,test,best_val_recall8,,91,device-00000428,2026-05-02 16:54:04,钉钉,[15],1,微信,3,mindmaster,15,0.06316783,5,"[""mindmaster"",""哔哩哔哩"",""华为音乐""]","[15,7,4]","[0.06316783,0.06155376,0.05859858]","[0.15195377,0.12606955,0.076869]","[0.07617242,-0.07705048,-0.03605506,0.03387923,0.076869,0.00672518,-0.07055563,0.12606955,0.01907108,-0.00126571,-0.09723938,-0.11895788,-0.04362854,-0.20860988,-0.15091501,0.15195377,-0.0493511,-0.11493814,-0.19556232]","[0.05855777,0.05023897,0.05234133,0.05613282,0.05859858,0.05462909,0.05056632,0.06155376,0.05530772,0.0541943,0.04923487,0.04817709,0.05194642,0.04404587,0.04666182,0.06316783,0.05165,0.04837114,0.04462432]"
final_eval,test,best_val_recall8,,92,device-00000428,2026-05-02 16:55:36,钉钉|微信,"[15,5]",2,小红书,10,WPS,0,0.07588915,13,"[""WPS"",""华为浏览器"",""华为音乐""]","[0,1,4]","[0.07588915,0.0722158,0.06350339]","[0.32780898,0.27819404,0.14962858]","[0.32780898,0.27819404,0.05995376,0.01664251,0.14962858,0.02886306,0.05474577,0.09766798,-0.04970567,0.00683692,-0.17673227,-0.15228614,-0.18508455,-0.34853974,-0.35093388,-0.01900299,-0.22393097,-0.27301827,-0.33615273]","[0.07588915,0.0722158,0.0580566,0.05559578,0.06350339,0.05627936,0.05775503,0.06028798,0.05202681,0.05505329,0.04582054,0.04695448,0.04543943,0.03858737,0.03849509,0.05364894,0.04370811,0.04161441,0.03906832]"
final_eval,test,best_val_recall8,,93,device-00000428,2026-05-02 17:03:59,钉钉|微信|小红书,"[15,5,14]",3,哔哩哔哩,7,WPS,0,0.07915676,2,"[""WPS"",""哔哩哔哩"",""华为浏览器""]","[0,7,1]","[0.07915676,0.06492505,0.06073725]","[0.3569209,0.15872425,0.09204789]","[0.3569209,0.09204789,-0.01598983,-0.00170927,0.03073313,0.07933764,0.01975763,0.15872425,0.03365926,0.06077222,-0.14565538,-0.20248958,-0.17681926,-0.28368697,-0.44694427,-0.08276168,-0.16727223,-0.27909783,-0.347101]","[0.07915676,0.06073725,0.05451738,0.0553015,0.05712504,0.05997015,0.05650149,0.06492505,0.05729244,0.05886705,0.04788747,0.04524172,0.04641813,0.0417134,0.03543022,0.05099602,0.04686341,0.04190527,0.03915031]"
final_eval,test,best_val_recall8,,94,device-00000428,2026-05-02 19:57:37,华为邮箱,[11],1,备忘录,2,抖音,6,0.06126747,9,"[""抖音"",""海泰浏览器"",""哔哩哔哩""]","[6,11,7]","[0.06126747,0.0603568,0.0572639]","[0.15634371,0.1413683,0.08876499]","[0.06504051,0.02116998,0.01955166,-0.05610375,-0.05253843,-0.02623208,0.15634371,0.08876499,-0.22099677,-0.0297109,0.00456042,0.1413683,-0.08394878,0.00039666,-0.0116505,0.02978157,0.02949294,-0.07606654,0.02093893]","[0.05592133,0.05352107,0.05343452,0.04954105,0.049718,0.05104325,0.06126747,0.0572639,0.04201004,0.05086599,0.05263945,0.0603568,0.04818061,0.05242072,0.05179299,0.05398396,0.05396838,0.04856188,0.0535087]"
final_eval,test,best_val_recall8,,95,device-00000428,2026-05-09 20:14:56,备忘录,[4],1,WPS,0,WPS,0,0.08971044,1,"[""WPS"",""华为浏览器"",""备忘录""]","[0,1,2]","[0.08971044,0.07165939,0.06338761]","[0.51290429,0.28824121,0.16558544]","[0.51290429,0.28824121,0.16558544,0.02131892,0.06147591,-0.05240984,-0.01121944,0.0800637,-0.06990828,0.08606992,-0.11832032,-0.28630191,-0.21485159,-0.2854811,-0.27742651,0.00930883,-0.26796556,-0.20078778,-0.27927306]","[0.08971044,0.07165939,0.06338761,0.05487193,0.05712026,0.05097183,0.05311522,0.05819193,0.05008766,0.05854249,0.04772057,0.04034151,0.0433294,0.04037464,0.04070115,0.05421685,0.04108805,0.04394308,0.04062606]"
final_eval,test,best_val_recall8,,96,device-00000436,2026-05-08 22:04:38,微信,[5],1,华为邮箱,9,WPS,0,0.08571474,8,"[""WPS"",""华为浏览器"",""华为音乐""]","[0,1,4]","[0.08571474,0.08265866,0.06150256]","[0.44846028,0.41215512,0.11651426]","[0.44846028,0.41215512,0.09868817,0.03281443,0.11651426,-0.02869501,0.0948637,0.06621234,-0.1815924,0.01174656,-0.2216123,-0.16876906,-0.24092408,-0.27406815,-0.33071974,-0.17459321,-0.26061139,-0.32061225,-0.35657457]","[0.08571474,0.08265866,0.06041592,0.05656435,0.06150256,0.05318995,0.06018531,0.05848538,0.04564856,0.05538512,0.04385778,0.0462377,0.04301893,0.04161648,0.03932438,0.04596918,0.04218029,0.03972387,0.03832069]"
final_eval,test,best_val_recall8,,97,device-00000455,2026-05-01 09:27:39,微信,[5],1,备忘录,2,WPS,0,0.08571474,4,"[""WPS"",""华为浏览器"",""华为音乐""]","[0,1,4]","[0.08571474,0.08265866,0.06150256]","[0.44846028,0.41215512,0.11651426]","[0.44846028,0.41215512,0.09868817,0.03281443,0.11651426,-0.02869501,0.0948637,0.06621234,-0.1815924,0.01174656,-0.2216123,-0.16876906,-0.24092408,-0.27406815,-0.33071974,-0.17459321,-0.26061139,-0.32061225,-0.35657457]","[0.08571474,0.08265866,0.06041592,0.05656435,0.06150256,0.05318995,0.06018531,0.05848538,0.04564856,0.05538512,0.04385778,0.0462377,0.04301893,0.04161648,0.03932438,0.04596918,0.04218029,0.03972387,0.03832069]"
final_eval,test,best_val_recall8,,98,device-00000473,2026-05-08 17:04:39,WPS,[2],1,微信,3,华为浏览器,1,0.09829451,4,"[""华为浏览器"",""WPS"",""备忘录""]","[1,0,2]","[0.09829451,0.08595993,0.08561739]","[0.57226902,0.43818206,0.43418935]","[0.43818206,0.57226902,0.43418935,0.23850346,-0.00260794,-0.18443407,-0.03422632,-0.14791572,-0.39595559,-0.10415498,-0.1312293,-0.17662209,-0.23388727,-0.51968086,-0.45018718,-0.30580646,-0.26028425,-0.24594435,-0.45404679]","[0.08595993,0.09829451,0.08561739,0.07040066,0.05531761,0.04612085,0.05359592,0.04783624,0.03732799,0.04997607,0.04864115,0.04648256,0.04389551,0.03298385,0.03535755,0.04084942,0.04275196,0.04336943,0.03522135]"
final_eval,test,best_val_recall8,,99,device-00000507,2026-05-25 10:06:38,备忘录,[4],1,WPS,0,WPS,0,0.08971044,1,"[""WPS"",""华为浏览器"",""备忘录""]","[0,1,2]","[0.08971044,0.07165939,0.06338761]","[0.51290429,0.28824121,0.16558544]","[0.51290429,0.28824121,0.16558544,0.02131892,0.06147591,-0.05240984,-0.01121944,0.0800637,-0.06990828,0.08606992,-0.11832032,-0.28630191,-0.21485159,-0.2854811,-0.27742651,0.00930883,-0.26796556,-0.20078778,-0.27927306]","[0.08971044,0.07165939,0.06338761,0.05487193,0.05712026,0.05097183,0.05311522,0.05819193,0.05008766,0.05854249,0.04772057,0.04034151,0.0433294,0.04037464,0.04070115,0.05421685,0.04108805,0.04394308,0.04062606]"
final_eval,test,best_val_recall8,,100,device-00000507,2026-05-25 10:37:33,备忘录|WPS,"[4,2]",2,备忘录,2,华为浏览器,1,0.10447381,3,"[""华为浏览器"",""WPS"",""备忘录""]","[1,0,2]","[0.10447381,0.10058796,0.10002085]","[0.66405255,0.62614864,0.62049472]","[0.62614864,0.66405255,0.62049472,0.21467236,0.06097429,-0.16459708,-0.04393486,-0.05534523,-0.37592739,-0.07717832,-0.23637421,-0.31894705,-0.28541842,-0.58163053,-0.53767997,-0.14870228,-0.41858,-0.30502886,-0.53187537]","[0.10058796,0.10447381,0.10002085,0.06665675,0.05716022,0.04561729,0.05146742,0.0508835,0.0369275,0.0497846,0.04245776,0.03909275,0.04042569,0.03006174,0.03141244,0.04634816,0.03538556,0.03964065,0.0315953]"
final_eval,test,best_val_recall8,,101,device-00000507,2026-05-28 15:55:22,WPS,[2],1,备忘录,2,华为浏览器,1,0.09829451,3,"[""华为浏览器"",""WPS"",""备忘录""]","[1,0,2]","[0.09829451,0.08595993,0.08561739]","[0.57226902,0.43818206,0.43418935]","[0.43818206,0.57226902,0.43418935,0.23850346,-0.00260794,-0.18443407,-0.03422632,-0.14791572,-0.39595559,-0.10415498,-0.1312293,-0.17662209,-0.23388727,-0.51968086,-0.45018718,-0.30580646,-0.26028425,-0.24594435,-0.45404679]","[0.08595993,0.09829451,0.08561739,0.07040066,0.05531761,0.04612085,0.05359592,0.04783624,0.03732799,0.04997607,0.04864115,0.04648256,0.04389551,0.03298385,0.03535755,0.04084942,0.04275196,0.04336943,0.03522135]"
final_eval,test,best_val_recall8,,102,device-00000531,2026-05-15 22:14:39,华为浏览器,[3],1,钉钉,13,WPS,0,0.0809985,14,"[""WPS"",""微信"",""华为浏览器""]","[0,3,1]","[0.0809985,0.06947647,0.06564708]","[0.40398413,0.25054166,0.19384673]","[0.40398413,0.19384673,0.02805375,0.25054166,-0.01133633,-0.07104757,0.04564459,0.11761377,-0.06556895,-0.02245101,-0.20272967,-0.12861072,-0.27762192,-0.2018494,-0.26994151,-0.07231759,-0.12073218,-0.21187642,-0.22190216]","[0.0809985,0.06564708,0.05561763,0.06947647,0.05346943,0.05037016,0.05660464,0.06082861,0.05064688,0.05287843,0.04415547,0.04755256,0.04096936,0.04419435,0.04128524,0.05030623,0.04792869,0.04375343,0.04331696]"
final_eval,test,best_val_recall8,,103,device-00000591,2026-05-07 14:47:33,华为浏览器,[3],1,微信,3,WPS,0,0.0809985,2,"[""WPS"",""微信"",""华为浏览器""]","[0,3,1]","[0.0809985,0.06947647,0.06564708]","[0.40398413,0.25054166,0.19384673]","[0.40398413,0.19384673,0.02805375,0.25054166,-0.01133633,-0.07104757,0.04564459,0.11761377,-0.06556895,-0.02245101,-0.20272967,-0.12861072,-0.27762192,-0.2018494,-0.26994151,-0.07231759,-0.12073218,-0.21187642,-0.22190216]","[0.0809985,0.06564708,0.05561763,0.06947647,0.05346943,0.05037016,0.05660464,0.06082861,0.05064688,0.05287843,0.04415547,0.04755256,0.04096936,0.04419435,0.04128524,0.05030623,0.04792869,0.04375343,0.04331696]"
final_eval,test,best_val_recall8,,104,device-00000591,2026-05-18 16:42:18,WPS,[2],1,华为视频,5,华为浏览器,1,0.09829451,11,"[""华为浏览器"",""WPS"",""备忘录""]","[1,0,2]","[0.09829451,0.08595993,0.08561739]","[0.57226902,0.43818206,0.43418935]","[0.43818206,0.57226902,0.43418935,0.23850346,-0.00260794,-0.18443407,-0.03422632,-0.14791572,-0.39595559,-0.10415498,-0.1312293,-0.17662209,-0.23388727,-0.51968086,-0.45018718,-0.30580646,-0.26028425,-0.24594435,-0.45404679]","[0.08595993,0.09829451,0.08561739,0.07040066,0.05531761,0.04612085,0.05359592,0.04783624,0.03732799,0.04997607,0.04864115,0.04648256,0.04389551,0.03298385,0.03535755,0.04084942,0.04275196,0.04336943,0.03522135]"
final_eval,test,best_val_recall8,,105,device-00000591,2026-05-20 13:59:24,日历,[9],1,WPS,0,WPS,0,0.07412585,1,"[""WPS"",""华为浏览器"",""备忘录""]","[0,1,2]","[0.07412585,0.06351998,0.06089396]","[0.32611173,0.17170203,0.12948132]","[0.32611173,0.17170203,0.12948132,0.06158218,0.10042461,0.080267,-0.08201488,0.05944824,-0.05858853,-0.03075279,0.00162934,-0.15092644,-0.13801399,-0.17740896,-0.27205986,-0.07478531,-0.09643602,-0.18216586,-0.18440321]","[0.07412585,0.06351998,0.06089396,0.05689655,0.05915004,0.05796965,0.04928588,0.05677527,0.0504541,0.05187826,0.05358569,0.0460039,0.04660177,0.04480159,0.04075558,0.04964349,0.04858023,0.04458898,0.04448933]"
final_eval,test,best_val_recall8,,106,device-00000634,2026-05-01 11:32:24,钉钉,[15],1,WPS,0,mindmaster,15,0.06316783,4,"[""mindmaster"",""哔哩哔哩"",""华为音乐""]","[15,7,4]","[0.06316783,0.06155376,0.05859858]","[0.15195377,0.12606955,0.076869]","[0.07617242,-0.07705048,-0.03605506,0.03387923,0.076869,0.00672518,-0.07055563,0.12606955,0.01907108,-0.00126571,-0.09723938,-0.11895788,-0.04362854,-0.20860988,-0.15091501,0.15195377,-0.0493511,-0.11493814,-0.19556232]","[0.05855777,0.05023897,0.05234133,0.05613282,0.05859858,0.05462909,0.05056632,0.06155376,0.05530772,0.0541943,0.04923487,0.04817709,0.05194642,0.04404587,0.04666182,0.06316783,0.05165,0.04837114,0.04462432]"
final_eval,test,best_val_recall8,,107,device-00000634,2026-05-03 22:16:08,WPS,[2],1,钉钉,13,华为浏览器,1,0.09829451,19,"[""华为浏览器"",""WPS"",""备忘录""]","[1,0,2]","[0.09829451,0.08595993,0.08561739]","[0.57226902,0.43818206,0.43418935]","[0.43818206,0.57226902,0.43418935,0.23850346,-0.00260794,-0.18443407,-0.03422632,-0.14791572,-0.39595559,-0.10415498,-0.1312293,-0.17662209,-0.23388727,-0.51968086,-0.45018718,-0.30580646,-0.26028425,-0.24594435,-0.45404679]","[0.08595993,0.09829451,0.08561739,0.07040066,0.05531761,0.04612085,0.05359592,0.04783624,0.03732799,0.04997607,0.04864115,0.04648256,0.04389551,0.03298385,0.03535755,0.04084942,0.04275196,0.04336943,0.03522135]"
final_eval,test,best_val_recall8,,108,device-00000634,2026-05-06 18:56:05,华为音乐,[6],1,日历,8,WPS,0,0.06760579,13,"[""WPS"",""华为视频"",""哔哩哔哩""]","[0,5,7]","[0.06760579,0.06420808,0.05801192]","[0.238914,0.18734938,0.08586904]","[0.238914,0.05297065,0.02051903,0.00647135,0.0255587,0.18734938,0.01990644,0.08586904,-0.09646695,0.0306989,0.03073226,-0.14133199,-0.07435831,-0.10631856,-0.17755884,-0.13306344,0.05319493,-0.14382206,-0.23478298]","[0.06760579,0.05613448,0.05434207,0.05358402,0.05461662,0.06420808,0.05430879,0.05801192,0.04834257,0.05489808,0.05489992,0.04622162,0.04942327,0.04786866,0.04457712,0.04660539,0.05614707,0.04610667,0.04209785]"
final_eval,test,best_val_recall8,,109,device-00000640,2026-05-18 17:42:28,华为浏览器,[3],1,WPS,0,WPS,0,0.0809985,1,"[""WPS"",""微信"",""华为浏览器""]","[0,3,1]","[0.0809985,0.06947647,0.06564708]","[0.40398413,0.25054166,0.19384673]","[0.40398413,0.19384673,0.02805375,0.25054166,-0.01133633,-0.07104757,0.04564459,0.11761377,-0.06556895,-0.02245101,-0.20272967,-0.12861072,-0.27762192,-0.2018494,-0.26994151,-0.07231759,-0.12073218,-0.21187642,-0.22190216]","[0.0809985,0.06564708,0.05561763,0.06947647,0.05346943,0.05037016,0.05660464,0.06082861,0.05064688,0.05287843,0.04415547,0.04755256,0.04096936,0.04419435,0.04128524,0.05030623,0.04792869,0.04375343,0.04331696]"
final_eval,test,best_val_recall8,,110,device-00000640,2026-05-18 17:47:53,华为浏览器|WPS,"[3,2]",2,华为邮箱,9,华为浏览器,1,0.10245007,8,"[""华为浏览器"",""WPS"",""备忘录""]","[1,0,2]","[0.10245007,0.08541696,0.08537216]","[0.62525898,0.4434281,0.44290355]","[0.4434281,0.62525898,0.44290355,0.30352035,0.05967831,-0.18687598,0.03188429,-0.01611316,-0.2965149,-0.05947644,-0.2981011,-0.20277447,-0.3298617,-0.5703547,-0.53120404,-0.22478905,-0.2947138,-0.33106247,-0.4842687]","[0.08541696,0.10245007,0.08537216,0.07426478,0.05819473,0.04547854,0.05659954,0.05394707,0.04075594,0.05165774,0.04069135,0.04476122,0.03941927,0.03099302,0.03223048,0.04378658,0.04082941,0.03937197,0.03377929]"
final_eval,test,best_val_recall8,,111,device-00000640,2026-05-18 17:50:02,华为浏览器|WPS|华为邮箱,"[3,2,11]",3,抖音,6,华为浏览器,1,0.08466356,5,"[""华为浏览器"",""WPS"",""备忘录""]","[1,0,2]","[0.08466356,0.0796072,0.07467817]","[0.42283413,0.36125338,0.29733664]","[0.36125338,0.42283413,0.29733664,0.15916249,-0.0787459,-0.18811762,0.10260013,-0.02936666,-0.25239128,-0.13959408,-0.27853394,-0.05382015,-0.23807214,-0.38103974,-0.36195087,-0.20119338,-0.1264704,-0.24448526,-0.33592793]","[0.0796072,0.08466356,0.07467817,0.06504073,0.05126998,0.04595826,0.06146398,0.05386519,0.04309728,0.04824331,0.0419852,0.05256398,0.04371884,0.0378947,0.03862502,0.04536123,0.04888061,0.04343936,0.03964335]"
final_eval,test,best_val_recall8,,112,device-00000640,2026-05-18 17:50:54,华为浏览器|WPS|华为邮箱|抖音,"[3,2,11,8]",4,华为音乐,4,WPS,0,0.08280802,9,"[""WPS"",""华为浏览器"",""抖音""]","[0,1,6]","[0.08280802,0.07951244,0.06177959]","[0.40529871,0.36468732,0.11234698]","[0.40529871,0.36468732,0.01977258,0.03355075,-0.01896963,0.01265213,0.11234698,0.04475817,-0.11559885,0.0230572,-0.26946339,-0.02086149,-0.21207882,-0.22743917,-0.31519437,-0.37230432,-0.19734459,-0.34703264,-0.28848332]","[0.08280802,0.07951244,0.05631713,0.05709844,0.054177,0.05591755,0.06177959,0.05774197,0.0491869,0.05650242,0.04217226,0.05407461,0.04466309,0.04398229,0.04028712,0.03805079,0.04532604,0.03902465,0.04137773]"
final_eval,test,best_val_recall8,,113,device-00000640,2026-05-18 18:27:17,WPS|华为邮箱|抖音|华为音乐,"[2,11,8,6]",4,日历,8,WPS,0,0.09474074,16,"[""WPS"",""华为浏览器"",""华为视频""]","[0,1,5]","[0.09474074,0.07981981,0.06283287]","[0.55676115,0.38538879,0.14609535]","[0.55676115,0.38538879,0.11857983,0.01082695,-0.01732047,0.14609535,0.04226274,-0.02714071,-0.28441891,-0.09709945,-0.09601779,-0.06843133,-0.20682195,-0.29018995,-0.25661781,-0.41445482,-0.12172361,-0.23703915,-0.30371022]","[0.09474074,0.07981981,0.06112756,0.05488334,0.05336006,0.06283287,0.05663605,0.05283862,0.04085234,0.04926843,0.04932175,0.0507013,0.04414859,0.04061726,0.04200402,0.03587096,0.04807005,0.0428345,0.0400718]"
final_eval,test,best_val_recall8,,114,device-00000640,2026-05-18 19:12:59,日历,[9],1,备忘录,2,WPS,0,0.07412585,3,"[""WPS"",""华为浏览器"",""备忘录""]","[0,1,2]","[0.07412585,0.06351998,0.06089396]","[0.32611173,0.17170203,0.12948132]","[0.32611173,0.17170203,0.12948132,0.06158218,0.10042461,0.080267,-0.08201488,0.05944824,-0.05858853,-0.03075279,0.00162934,-0.15092644,-0.13801399,-0.17740896,-0.27205986,-0.07478531,-0.09643602,-0.18216586,-0.18440321]","[0.07412585,0.06351998,0.06089396,0.05689655,0.05915004,0.05796965,0.04928588,0.05677527,0.0504541,0.05187826,0.05358569,0.0460039,0.04660177,0.04480159,0.04075558,0.04964349,0.04858023,0.04458898,0.04448933]"
final_eval,test,best_val_recall8,,115,device-00000640,2026-05-18 19:51:52,备忘录,[4],1,钉钉,13,WPS,0,0.08971044,18,"[""WPS"",""华为浏览器"",""备忘录""]","[0,1,2]","[0.08971044,0.07165939,0.06338761]","[0.51290429,0.28824121,0.16558544]","[0.51290429,0.28824121,0.16558544,0.02131892,0.06147591,-0.05240984,-0.01121944,0.0800637,-0.06990828,0.08606992,-0.11832032,-0.28630191,-0.21485159,-0.2854811,-0.27742651,0.00930883,-0.26796556,-0.20078778,-0.27927306]","[0.08971044,0.07165939,0.06338761,0.05487193,0.05712026,0.05097183,0.05311522,0.05819193,0.05008766,0.05854249,0.04772057,0.04034151,0.0433294,0.04037464,0.04070115,0.05421685,0.04108805,0.04394308,0.04062606]"
final_eval,test,best_val_recall8,,116,device-00000668,2026-05-05 11:51:16,华为邮箱,[11],1,微信,3,抖音,6,0.06126747,16,"[""抖音"",""海泰浏览器"",""哔哩哔哩""]","[6,11,7]","[0.06126747,0.0603568,0.0572639]","[0.15634371,0.1413683,0.08876499]","[0.06504051,0.02116998,0.01955166,-0.05610375,-0.05253843,-0.02623208,0.15634371,0.08876499,-0.22099677,-0.0297109,0.00456042,0.1413683,-0.08394878,0.00039666,-0.0116505,0.02978157,0.02949294,-0.07606654,0.02093893]","[0.05592133,0.05352107,0.05343452,0.04954105,0.049718,0.05104325,0.06126747,0.0572639,0.04201004,0.05086599,0.05263945,0.0603568,0.04818061,0.05242072,0.05179299,0.05398396,0.05396838,0.04856188,0.0535087]"
final_eval,test,best_val_recall8,,117,device-00000668,2026-05-12 16:52:55,华为音乐,[6],1,WPS,0,WPS,0,0.06760579,1,"[""WPS"",""华为视频"",""哔哩哔哩""]","[0,5,7]","[0.06760579,0.06420808,0.05801192]","[0.238914,0.18734938,0.08586904]","[0.238914,0.05297065,0.02051903,0.00647135,0.0255587,0.18734938,0.01990644,0.08586904,-0.09646695,0.0306989,0.03073226,-0.14133199,-0.07435831,-0.10631856,-0.17755884,-0.13306344,0.05319493,-0.14382206,-0.23478298]","[0.06760579,0.05613448,0.05434207,0.05358402,0.05461662,0.06420808,0.05430879,0.05801192,0.04834257,0.05489808,0.05489992,0.04622162,0.04942327,0.04786866,0.04457712,0.04660539,0.05614707,0.04610667,0.04209785]"
final_eval,test,best_val_recall8,,118,device-00000668,2026-05-12 16:52:58,华为音乐|WPS,"[6,2]",2,华为音乐,4,华为浏览器,1,0.08823649,5,"[""华为浏览器"",""WPS"",""备忘录""]","[1,0,2]","[0.08823649,0.08190146,0.08091014]","[0.48176458,0.40726084,0.39508313]","[0.40726084,0.48176458,0.39508313,0.21887013,0.1194148,0.01546302,0.00744612,-0.10669539,-0.29500356,-0.08725876,-0.08696462,-0.24647871,-0.19917868,-0.49276549,-0.47598502,-0.25330976,-0.15399541,-0.23963881,-0.48311424]","[0.08190146,0.08823649,0.08091014,0.06783824,0.06141602,0.05535235,0.05491036,0.04898728,0.04057907,0.04994874,0.04996343,0.04259672,0.04465996,0.03329777,0.03386124,0.04230673,0.04672413,0.04288908,0.03362069]"
final_eval,test,best_val_recall8,,119,device-00000668,2026-05-12 16:53:05,华为音乐|WPS|华为音乐,"[6,2,6]",3,WPS,0,WPS,0,0.08843683,1,"[""WPS"",""华为浏览器"",""备忘录""]","[0,1,2]","[0.08843683,0.07582526,0.06844773]","[0.49443233,0.34057528,0.23821425]","[0.49443233,0.34057528,0.23821425,0.12812315,0.09082647,0.15570255,0.0064604,-0.05700033,-0.22598451,-0.11009038,-0.04315327,-0.22739652,-0.16717842,-0.35004866,-0.37928823,-0.29377365,-0.03606766,-0.19302015,-0.42098492]","[0.08843683,0.07582526,0.06844773,0.06131223,0.05906761,0.06302671,0.05428872,0.05095056,0.04302889,0.04831614,0.05166098,0.04296817,0.04563513,0.03800841,0.03691315,0.04020866,0.05202833,0.04447094,0.03540564]"
final_eval,test,best_val_recall8,,120,device-00000668,2026-05-12 16:53:21,华为音乐|WPS|华为音乐|WPS,"[6,2,6,2]",4,华为音乐,4,华为浏览器,1,0.10023236,5,"[""华为浏览器"",""WPS"",""备忘录""]","[1,0,2]","[0.10023236,0.09404425,0.09244983]","[0.62429345,0.56056786,0.54346853]","[0.56056786,0.62429345,0.54346853,0.2878741,0.15382355,0.02874716,0.00987179,-0.16670612,-0.35994861,-0.15965605,-0.11337214,-0.30605218,-0.25463718,-0.62447512,-0.57932341,-0.33408511,-0.19512181,-0.27367762,-0.59715563]","[0.09404425,0.10023236,0.09244983,0.07159833,0.06261602,0.05525422,0.05422106,0.04544449,0.03745908,0.045766,0.04793402,0.03953338,0.04161915,0.02875244,0.03008041,0.03844053,0.04417132,0.0408342,0.02954877]"
final_eval,test,best_val_recall8,,121,device-00000668,2026-05-12 16:53:25,华为音乐|WPS|华为音乐|WPS|华为音乐,"[6,2,6,2,6]",5,WPS,0,WPS,0,0.09923722,1,"[""WPS"",""华为浏览器"",""备忘录""]","[0,1,2]","[0.09923722,0.08253897,0.07375889]","[0.61181116,0.42756858,0.31509954]","[0.61181116,0.42756858,0.31509954,0.17002994,0.08751278,0.15029852,0.00158763,-0.10853138,-0.2771537,-0.16845104,-0.07129571,-0.25130928,-0.20920442,-0.43599382,-0.43942821,-0.35335338,-0.05202782,-0.20295015,-0.49117607]","[0.09923722,0.08253897,0.07375889,0.06379864,0.05874551,0.06255215,0.05390858,0.0482874,0.04079454,0.04547901,0.0501193,0.0418626,0.04366285,0.03480316,0.03468384,0.03780149,0.05109436,0.04393678,0.03293467]"
final_eval,test,best_val_recall8,,122,device-00000668,2026-05-12 16:54:59,华为音乐|WPS|华为音乐|WPS|华为音乐|WPS,"[6,2,6,2,6,2]",6,华为音乐,4,华为浏览器,1,0.10358413,5,"[""华为浏览器"",""WPS"",""备忘录""]","[1,0,2]","[0.10358413,0.09985779,0.09636036]","[0.66441232,0.62777525,0.59212309]","[0.62777525,0.66441232,0.59212309,0.31398904,0.15578213,0.03999887,0.0104035,-0.18598545,-0.38691518,-0.19217294,-0.1215654,-0.32799554,-0.28045404,-0.67121166,-0.60907084,-0.36206827,-0.19944026,-0.28172424,-0.64065731]","[0.09985779,0.10358413,0.09636036,0.07296362,0.06228708,0.05547712,0.05385932,0.0442558,0.03619991,0.04398281,0.04720059,0.03839688,0.04026642,0.02724201,0.02898855,0.03711063,0.04366433,0.0402153,0.02808721]"
final_eval,test,best_val_recall8,,123,device-00000668,2026-05-12 17:04:10,华为音乐|WPS|华为音乐|WPS|华为音乐|WPS|华为音乐,"[6,2,6,2,6,2,6]",7,备忘录,2,WPS,0,0.10436864,3,"[""WPS"",""华为浏览器"",""备忘录""]","[0,1,2]","[0.10436864,0.0847617,0.07551297]","[0.6639089,0.45582345,0.34028399]","[0.6639089,0.45582345,0.34028399,0.18743542,0.07801139,0.15351449,0.00048274,-0.12721986,-0.29962894,-0.19426775,-0.0814878,-0.26156098,-0.22904995,-0.46978778,-0.45831719,-0.37782592,-0.05232649,-0.20577458,-0.52093673]","[0.10436864,0.0847617,0.07551297,0.06480973,0.05809222,0.0626482,0.05375857,0.04731373,0.03982088,0.04424546,0.04952772,0.041366,0.04273296,0.03359014,0.03397765,0.03682564,0.05099328,0.04373924,0.03191524]"
final_eval,test,best_val_recall8,,124,device-00000668,2026-05-19 16:44:24,备忘录,[4],1,日历,8,WPS,0,0.08971044,11,"[""WPS"",""华为浏览器"",""备忘录""]","[0,1,2]","[0.08971044,0.07165939,0.06338761]","[0.51290429,0.28824121,0.16558544]","[0.51290429,0.28824121,0.16558544,0.02131892,0.06147591,-0.05240984,-0.01121944,0.0800637,-0.06990828,0.08606992,-0.11832032,-0.28630191,-0.21485159,-0.2854811,-0.27742651,0.00930883,-0.26796556,-0.20078778,-0.27927306]","[0.08971044,0.07165939,0.06338761,0.05487193,0.05712026,0.05097183,0.05311522,0.05819193,0.05008766,0.05854249,0.04772057,0.04034151,0.0433294,0.04037464,0.04070115,0.05421685,0.04108805,0.04394308,0.04062606]"
final_eval,test,best_val_recall8,,125,device-00000731,2026-05-05 15:59:57,华为浏览器,[3],1,WPS,0,WPS,0,0.0809985,1,"[""WPS"",""微信"",""华为浏览器""]","[0,3,1]","[0.0809985,0.06947647,0.06564708]","[0.40398413,0.25054166,0.19384673]","[0.40398413,0.19384673,0.02805375,0.25054166,-0.01133633,-0.07104757,0.04564459,0.11761377,-0.06556895,-0.02245101,-0.20272967,-0.12861072,-0.27762192,-0.2018494,-0.26994151,-0.07231759,-0.12073218,-0.21187642,-0.22190216]","[0.0809985,0.06564708,0.05561763,0.06947647,0.05346943,0.05037016,0.05660464,0.06082861,0.05064688,0.05287843,0.04415547,0.04755256,0.04096936,0.04419435,0.04128524,0.05030623,0.04792869,0.04375343,0.04331696]"
final_eval,test,best_val_recall8,,126,device-00000731,2026-05-10 09:06:03,微信,[5],1,华为浏览器,1,WPS,0,0.08571474,2,"[""WPS"",""华为浏览器"",""华为音乐""]","[0,1,4]","[0.08571474,0.08265866,0.06150256]","[0.44846028,0.41215512,0.11651426]","[0.44846028,0.41215512,0.09868817,0.03281443,0.11651426,-0.02869501,0.0948637,0.06621234,-0.1815924,0.01174656,-0.2216123,-0.16876906,-0.24092408,-0.27406815,-0.33071974,-0.17459321,-0.26061139,-0.32061225,-0.35657457]","[0.08571474,0.08265866,0.06041592,0.05656435,0.06150256,0.05318995,0.06018531,0.05848538,0.04564856,0.05538512,0.04385778,0.0462377,0.04301893,0.04161648,0.03932438,0.04596918,0.04218029,0.03972387,0.03832069]"
final_eval,test,best_val_recall8,,127,device-00000731,2026-05-13 08:14:42,华为浏览器,[3],1,WPS,0,WPS,0,0.0809985,1,"[""WPS"",""微信"",""华为浏览器""]","[0,3,1]","[0.0809985,0.06947647,0.06564708]","[0.40398413,0.25054166,0.19384673]","[0.40398413,0.19384673,0.02805375,0.25054166,-0.01133633,-0.07104757,0.04564459,0.11761377,-0.06556895,-0.02245101,-0.20272967,-0.12861072,-0.27762192,-0.2018494,-0.26994151,-0.07231759,-0.12073218,-0.21187642,-0.22190216]","[0.0809985,0.06564708,0.05561763,0.06947647,0.05346943,0.05037016,0.05660464,0.06082861,0.05064688,0.05287843,0.04415547,0.04755256,0.04096936,0.04419435,0.04128524,0.05030623,0.04792869,0.04375343,0.04331696]"
final_eval,test,best_val_recall8,,128,device-00000731,2026-05-13 08:15:43,华为浏览器|WPS,"[3,2]",2,华为浏览器,1,华为浏览器,1,0.10245007,1,"[""华为浏览器"",""WPS"",""备忘录""]","[1,0,2]","[0.10245007,0.08541696,0.08537216]","[0.62525898,0.4434281,0.44290355]","[0.4434281,0.62525898,0.44290355,0.30352035,0.05967831,-0.18687598,0.03188429,-0.01611316,-0.2965149,-0.05947644,-0.2981011,-0.20277447,-0.3298617,-0.5703547,-0.53120404,-0.22478905,-0.2947138,-0.33106247,-0.4842687]","[0.08541696,0.10245007,0.08537216,0.07426478,0.05819473,0.04547854,0.05659954,0.05394707,0.04075594,0.05165774,0.04069135,0.04476122,0.03941927,0.03099302,0.03223048,0.04378658,0.04082941,0.03937197,0.03377929]"
final_eval,test,best_val_recall8,,129,device-00000731,2026-05-13 08:51:58,华为浏览器|WPS|华为浏览器,"[3,2,3]",3,微信,3,WPS,0,0.11271004,3,"[""WPS"",""华为浏览器"",""微信""]","[0,1,3]","[0.11271004,0.09479363,0.08081584]","[0.73241609,0.55929977,0.39977056]","[0.73241609,0.55929977,0.27479556,0.39977056,-0.0526426,-0.15213625,0.04718024,0.0023345,-0.20155331,-0.09891083,-0.36395231,-0.24074766,-0.38051742,-0.50479954,-0.53046894,-0.25540027,-0.27100655,-0.33459938,-0.46642593]","[0.11271004,0.09479363,0.07132152,0.08081584,0.05140626,0.04653786,0.05680263,0.05431155,0.044294,0.04908196,0.03765441,0.0425915,0.0370358,0.03270745,0.03187855,0.04197197,0.04132203,0.03877606,0.03398694]"
final_eval,test,best_val_recall8,,130,device-00000731,2026-05-29 10:51:38,WPS,[2],1,备忘录,2,华为浏览器,1,0.09829451,3,"[""华为浏览器"",""WPS"",""备忘录""]","[1,0,2]","[0.09829451,0.08595993,0.08561739]","[0.57226902,0.43818206,0.43418935]","[0.43818206,0.57226902,0.43418935,0.23850346,-0.00260794,-0.18443407,-0.03422632,-0.14791572,-0.39595559,-0.10415498,-0.1312293,-0.17662209,-0.23388727,-0.51968086,-0.45018718,-0.30580646,-0.26028425,-0.24594435,-0.45404679]","[0.08595993,0.09829451,0.08561739,0.07040066,0.05531761,0.04612085,0.05359592,0.04783624,0.03732799,0.04997607,0.04864115,0.04648256,0.04389551,0.03298385,0.03535755,0.04084942,0.04275196,0.04336943,0.03522135]"
final_eval,test,best_val_recall8,,131,device-00000731,2026-05-29 10:51:42,WPS|备忘录,"[2,4]",2,WPS,0,WPS,0,0.13365255,1,"[""WPS"",""华为浏览器"",""备忘录""]","[0,1,2]","[0.13365255,0.09615201,0.08187869]","[0.90351164,0.57419854,0.41350684]","[0.90351164,0.57419854,0.41350684,0.13636544,-0.00616791,-0.15532927,-0.07214297,-0.15535396,-0.25389472,-0.03720709,-0.23985244,-0.31265718,-0.3514086,-0.56835771,-0.5114854,-0.32209378,-0.37965536,-0.23012897,-0.51311797]","[0.13365255,0.09615201,0.08187869,0.06205973,0.05381563,0.04635841,0.05037973,0.04635727,0.04200704,0.0521709,0.04260108,0.03960973,0.03810415,0.03067274,0.03246772,0.0392377,0.03704289,0.04301732,0.03241476]"
final_eval,test,best_val_recall8,,132,device-00000797,2026-05-07 10:46:01,华为浏览器,[3],1,备忘录,2,WPS,0,0.0809985,6,"[""WPS"",""微信"",""华为浏览器""]","[0,3,1]","[0.0809985,0.06947647,0.06564708]","[0.40398413,0.25054166,0.19384673]","[0.40398413,0.19384673,0.02805375,0.25054166,-0.01133633,-0.07104757,0.04564459,0.11761377,-0.06556895,-0.02245101,-0.20272967,-0.12861072,-0.27762192,-0.2018494,-0.26994151,-0.07231759,-0.12073218,-0.21187642,-0.22190216]","[0.0809985,0.06564708,0.05561763,0.06947647,0.05346943,0.05037016,0.05660464,0.06082861,0.05064688,0.05287843,0.04415547,0.04755256,0.04096936,0.04419435,0.04128524,0.05030623,0.04792869,0.04375343,0.04331696]"
final_eval,test,best_val_recall8,,133,device-00000797,2026-05-07 10:46:02,华为浏览器|备忘录,"[3,4]",2,华为邮箱,9,WPS,0,0.09991728,6,"[""WPS"",""华为浏览器"",""备忘录""]","[0,1,2]","[0.09991728,0.0782878,0.06364783]","[0.61802852,0.37407768,0.16705115]","[0.61802852,0.37407768,0.16705115,0.11347918,0.09830082,-0.0953833,0.04642412,0.06398864,-0.01556006,0.09144457,-0.25110841,-0.23204181,-0.37971348,-0.37262288,-0.40997183,-0.09734813,-0.29309076,-0.24695295,-0.34387636]","[0.09991728,0.0782878,0.06364783,0.06032782,0.05941905,0.04895644,0.05641518,0.05741484,0.0530245,0.05901305,0.04189664,0.04270313,0.03684061,0.03710276,0.03574257,0.04886034,0.04017413,0.04207111,0.03818481]"
final_eval,test,best_val_recall8,,134,device-00000797,2026-05-07 11:02:02,华为浏览器|备忘录|华为邮箱,"[3,4,11]",3,WPS,0,WPS,0,0.08113535,1,"[""WPS"",""华为浏览器"",""备忘录""]","[0,1,2]","[0.08113535,0.0741981,0.06382871]","[0.40857881,0.31919864,0.16866302]","[0.40857881,0.31919864,0.16866302,0.09134608,0.01718549,-0.12820473,0.12221118,0.10208197,-0.14836255,-0.08252313,-0.23533018,-0.04453336,-0.27073053,-0.2514402,-0.23336554,-0.04570476,-0.12779564,-0.24123722,-0.26436546]","[0.08113535,0.0741981,0.06382871,0.05907962,0.05485677,0.04743381,0.06093155,0.05971731,0.04648722,0.04965092,0.04261515,0.05157343,0.04113295,0.04193412,0.04269896,0.05151305,0.04745322,0.04236416,0.0413956]"
